,0,1,2,3,4,5,6,7,8,9,10,11,12,13,14,15,16,17,18,19,20,21,22,23,24,25,26,27,28,29,30,31,32,33,34,35,36,37,38,39,40,41,42,43,44,45,46,47,48,49,50,51,52,53,54,55,56,57,58,59,60,61,62,63,64,65,66,67,68,69,70,71,72,73,74,75,76,77,78,79,80,81,82,83,84,85,86,87,88,89,90,91,92,93,94,95,96,97,98,99,100,101,102,103,104,105,106,107,108,109,110,111,112,113,114,115,116,117,118,119,120,121,122,123,124,125,126,127,128,129,130,131,132,133,134,135,136,137,138,139,140,141,142,143,144,145,146,147,148,149,150,151,152,153,154,155,156,157,158,159,160,161,162,163,164,165,166,167,168,169,170,171,172,173,174,175,176,177,178,179,180,181,182,183,184,185,186,187,188,189,190,191,192,193,194,195,196,197,198,199,200,201,202,203,204,205,206,207,208,209,210,211,212,213,214,215,216,217,218,219,220,221,222,223,224,225,226,227,228,229,230,231,232,233,234,235,236,237,238,239,240,241,242,243,244,245,246,247,248,249,250,251,252,253,254,255
0.0,0j,0j,0j,0j,0j,0j,0j,0j,0j,0j,0j,0j,0j,0j,0j,0j,0j,0j,0j,0j,0j,0j,0j,0j,0j,0j,0j,0j,0j,0j,0j,0j,0j,0j,0j,0j,0j,0j,0j,0j,0j,0j,0j,0j,0j,0j,0j,0j,0j,0j,0j,0j,0j,0j,0j,0j,0j,0j,0j,0j,0j,0j,0j,0j,0j,0j,0j,0j,0j,0j,0j,0j,0j,0j,0j,0j,0j,0j,0j,0j,0j,0j,0j,0j,(1+0j),0j,0j,0j,0j,0j,0j,0j,0j,0j,0j,0j,0j,0j,0j,0j,0j,0j,0j,0j,0j,0j,0j,0j,0j,0j,0j,0j,0j,0j,0j,0j,0j,0j,0j,0j,0j,0j,0j,0j,0j,0j,0j,0j,0j,0j,0j,0j,0j,0j,0j,0j,0j,0j,0j,0j,0j,0j,0j,0j,0j,0j,0j,0j,0j,0j,0j,0j,0j,0j,0j,0j,0j,0j,0j,0j,0j,0j,0j,0j,0j,0j,0j,0j,0j,0j,0j,0j,0j,0j,0j,0j,0j,0j,0j,0j,0j,0j,0j,0j,0j,0j,0j,0j,0j,0j,0j,0j,0j,0j,0j,0j,0j,0j,0j,0j,0j,0j,0j,0j,0j,0j,0j,0j,0j,0j,0j,0j,0j,0j,0j,0j,0j,0j,0j,0j,0j,0j,0j,0j,0j,0j,0j,0j,0j,0j,0j,0j,0j,0j,0j,0j,0j,0j,0j,0j,0j,0j,0j,0j,0j,0j,0j,0j,0j,0j,0j,0j,0j,0j,0j,0j
2.52,0j,0j,0j,0j,0j,0j,0j,(-0.05534494671236398+0.09019176312932425j),0j,0j,0j,(-0.050058384308829675-0.20179493876063564j),0j,(0.053974429578792435-0.025631204943392993j),(-0.04794797805002862+0.02396196830025093j),0j,0j,0j,0j,(-0.07215323753579313-0.04176623646571746j),0j,(0.114958275539179-0.04555081766776761j),(-0.10212339362810868+0.05437669292438825j),0j,0j,(0.0013670153021901965+0.01716824791689739j),(-0.17121737918723617-0.06025608943952535j),0j,(-0.04892850826037781-0.05883515868634594j),0j,0j,0j,0j,0j,0j,(0.08653986134930111-0.07953312096738373j),0j,(-0.12059661965224372-0.06790456332804781j),(-0.0192316661300005-0.05224161311297818j),0j,0j,(0.044305566443092734-0.25884161082920676j),(0.11429136375360235-0.1196894366751928j),0j,(0.1220014962512257+0.10031561104783523j),0j,0j,0j,0j,(-0.08254700895497595+0.019577579458239045j),(-0.041534323262536525+0.10382111648507611j),0j,(0.053782998574792865-0.0022860898357555844j),0j,0j,0j,(0.1537468152550071-0.39733180523118194j),0j,0j,0j,0j,0j,0j,0j,0j,0j,0j,(-0.14138529025038676-0.03426063988749852j),0j,(0.015127176555897903+0.08515860230241255j),(-0.02749624495081296+0.06664651782708778j),0j,0j,(-0.16442021102706023-0.09753419026555557j),(-0.06507757905707738-0.02086118606451027j),0j,(0.058655196433528456+0.010283755503783638j),0j,0j,0j,0j,(0.1131813211616431+0.07469374385094787j),(0.09614351966893721+0.1673320022979265j),0j,(0.04331492523655085+0.07872141077909854j),0j,0j,0j,(0.04271756357265267-0.010245363974572408j),0j,0j,0j,0j,0j,0j,0j,0j,(0.07879805506609093-0.014618570185871677j),(-0.07771442128274154+0.0697421583402619j),0j,(0.034929921849664126+0.0016158351873620555j),0j,0j,0j,(0.19116903252514314+0.05512555212411044j),0j,0j,0j,0j,0j,0j,0j,(-0.1076522261370139-0.09861019824882823j),0j,0j,0j,0j,0j,0j,0j,0j,0j,0j,0j,0j,0j,0j,0j,0j,0j,0j,(0.05087231013798484+0.05499991576695598j),0j,(-0.07984623447012605+0.01279192449508194j),(-0.006366126950592056-0.06917391110948516j),0j,0j,(0.01749263212933948-0.08042328796040321j),(0.11261583620506264+0.015987480873027246j),0j,(-0.06490700293352371+0.019949914802710078j),0j,0j,0j,0j,(-0.045383069323954195+0.009733944441689745j),(0.09101080410037754-0.08893095333047187j),0j,(0.05553577203506342+0.14237196862293405j),0j,0j,0j,(0.02581305979832156+0.0924890851300151j),0j,0j,0j,0j,0j,0j,0j,0j,(-0.06338434399415079-0.1733376023092635j),(0.12374116720948876+0.02017415498637654j),0j,(-0.09745744564678617-0.021242275006786278j),0j,0j,0j,(0.11989179917599861-0.12181122267875012j),0j,0j,0j,0j,0j,0j,0j,(-0.1635979656870425-0.11315370296708062j),0j,0j,0j,0j,0j,0j,0j,0j,0j,0j,0j,0j,0j,0j,0j,0j,(-0.07769198794594082+0.11513613446998411j),(0.020188675719940128-0.07656629134315518j),0j,(-0.05297487091822826+0.04332074968799941j),0j,0j,0j,(0.042873314910669195-0.1011475236613597j),0j,0j,0j,0j,0j,0j,0j,(-0.12141368807722917+0.01646736326215266j),0j,0j,0j,0j,0j,0j,0j,0j,0j,0j,0j,0j,0j,0j,0j,(-0.028825483518257342-0.018791613284753955j),0j,0j,0j,0j,0j,0j,0j,0j,0j,0j,0j,0j,0j,0j,0j,0j,0j,0j,0j,0j,0j,0j,0j,0j,0j,0j,0j,0j,0j,0j,0j
5.04,0j,0j,0j,0j,0j,0j,0j,(-0.024303647621442145-0.07538642278525481j),0j,0j,0j,(-0.056143740380590085+0.14064935509370238j),0j,(-0.05744192465359763+0.07095054855109599j),(-0.17004570513027056+0.013473623219039485j),0j,0j,0j,0j,(-0.00809714469464709-0.15092927926363187j),0j,(-0.0031604855455503317-0.11450880215727752j),(-0.010146838848659911-0.08221163835473178j),0j,0j,(0.028531830943709424+0.049694399090873594j),(0.05008498330909895-0.013413943051688115j),0j,(-0.11713794949388438-0.029001234229044062j),0j,0j,0j,0j,0j,0j,(-0.0948772351083939+0.13419400654822528j),0j,(0.06773429137632456+0.01055788796438914j),(-0.07322582145077985-0.04403628003822789j),0j,0j,(-0.16394107824907417-0.12182156807617803j),(-0.01662838495883862+0.05248209183230679j),0j,(-0.06293496797954812-0.10777022490656193j),0j,0j,0j,0j,(0.011939475733304776+0.07542524619275331j),(0.023863117485473446+0.03858764442166524j),0j,(0.030133131625066735-0.10109138236541433j),0j,0j,0j,(0.33655941676489987-0.08830208058622262j),0j,0j,0j,0j,0j,0j,0j,0j,0j,0j,(-0.033937218710677314-0.035053844632907255j),0j,(0.15253241983188257-0.01331138558115183j),(-0.003691829187871299+0.06202914611004691j),0j,0j,(-0.05652825208829686+0.006801397003505079j),(-0.12465222363934628-0.036617726483834295j),0j,(-0.19670603653724206+0.012903590649128535j),0j,0j,0j,0j,(-0.015723559230423474-0.08716829750741974j),(-0.06091211376285481-0.012895639551284099j),0j,(-0.11158588563962903-0.08481780692486963j),0j,0j,0j,(-0.009539263002261343-0.11833380024070941j),0j,0j,0j,0j,0j,0j,0j,0j,(-0.010519109909969286+0.09972457921907832j),(0.013971653473344187+0.01134290091238079j),0j,(-0.1617278585676024+0.10175434356783106j),0j,0j,0j,(-0.09427999737220075-0.10265321666801422j),0j,0j,0j,0j,0j,0j,0j,(-0.1322401688014366-0.10120753708779662j),0j,0j,0j,0j,0j,0j,0j,0j,0j,0j,0j,0j,0j,0j,0j,0j,0j,0j,(-0.07672921560231187+0.11687099736336028j),0j,(-0.027749702660789737+0.009651187835557839j),(-0.17044050666859384-0.13435519712204966j),0j,0j,(-0.11204195905915942+0.23267889131430688j),(0.14996891610997648+0.19011288389139314j),0j,(0.0692934343111267-0.013760742592090501j),0j,0j,0j,0j,(-0.03264467130111762-0.027777983546306156j),(0.1356582781882705+0.00535528836690749j),0j,(-0.04903831200912907-0.05148593742357101j),0j,0j,0j,(0.08248307451553905+0.03467860120893402j),0j,0j,0j,0j,0j,0j,0j,0j,(-0.05351607068616229+0.15886260444889705j),(0.15992480197350836+0.18627011762514797j),0j,(-0.06206690974220416-0.039826536344301486j),0j,0j,0j,(-0.017302861637353704+0.06060392206959929j),0j,0j,0j,0j,0j,0j,0j,(0.04910800469776003-0.021141160185401076j),0j,0j,0j,0j,0j,0j,0j,0j,0j,0j,0j,0j,0j,0j,0j,0j,(-0.019398842393306373-0.09419388242502841j),(-0.08102886335102352-0.18976686485020794j),0j,(0.018719116194554766+0.0514742034258779j),0j,0j,0j,(-0.08585438563778551-0.04767372881853836j),0j,0j,0j,0j,0j,0j,0j,(-0.009487015496201172-0.056533424852434316j),0j,0j,0j,0j,0j,0j,0j,0j,0j,0j,0j,0j,0j,0j,0j,(-0.05292816208945485-0.006696987789224163j),0j,0j,0j,0j,0j,0j,0j,0j,0j,0j,0j,0j,0j,0j,0j,0j,0j,0j,0j,0j,0j,0j,0j,0j,0j,0j,0j,0j,0j,0j,0j
7.56,0j,0j,0j,0j,0j,0j,0j,(0.006257743100950015+0.15146117502532136j),0j,0j,0j,(0.05041848398878238-0.034347883674162985j),0j,(0.008827811944437531-0.03348385603602204j),(0.05522051163782256-0.06715370557776783j),0j,0j,0j,0j,(-0.1712549461809215-0.13085284530278707j),0j,(-0.29678135462057625-0.08487170143842274j),(-0.0524120853865628-0.01943569954879569j),0j,0j,(-0.08752571541067136+0.028017693224716554j),(0.05594877784718152-0.11127480978723822j),0j,(-0.0025410961026146005-0.12096205787943648j),0j,0j,0j,0j,0j,0j,(-0.11900211484336737-0.10559292653771307j),0j,(-0.07086569070188833+0.06995451230177337j),(-0.16387942471820982+0.034517716038608884j),0j,0j,(0.004287014476379905-0.05057127276202932j),(0.0843916866187759-0.01585997754174913j),0j,(0.11118983236751968-0.10499717132382802j),0j,0j,0j,0j,(-0.004770645240759727-0.029077138888483012j),(0.05329349645768418-0.12475257503381218j),0j,(0.08643257597679471+0.20879024759028722j),0j,0j,0j,(-0.13881203253957347-0.010097258463768351j),0j,0j,0j,0j,0j,0j,0j,0j,0j,0j,(-0.1128221508176856-0.0035245448997290388j),0j,(0.04275837935950597+0.23998995067332857j),(-0.038136804270801565-0.08337086746872725j),0j,0j,(-0.03012601159884699+0.001580497676121766j),(-0.06706931738269536-0.12318875897549704j),0j,(0.043151665103995825+0.06763384328240479j),0j,0j,0j,0j,(-0.1521605156935469-0.014419446386188244j),(0.010197563397739594+0.048104563641997514j),0j,(0.008487172298344265+0.06641809989339878j),0j,0j,0j,(0.1872479446322493+0.16396567435928056j),0j,0j,0j,0j,0j,0j,0j,0j,(0.026753751913270327-0.039422028660782184j),(0.06435715351494625-0.06862110386577402j),0j,(0.03904290633351402-0.019024583115242966j),0j,0j,0j,(0.050607953584202545-0.08138941479262664j),0j,0j,0j,0j,0j,0j,0j,(0.030159668644996973-0.09299946442844206j),0j,0j,0j,0j,0j,0j,0j,0j,0j,0j,0j,0j,0j,0j,0j,0j,0j,0j,(0.07341549761141843-0.10493831752373108j),0j,(-0.06215257890257426+0.002887328868238984j),(-0.11385917349514907-0.020121692636172483j),0j,0j,(-0.16352011403511213-0.037177026490504084j),(-0.1242429901242555-0.08571936270156631j),0j,(0.14654998368570182+0.004925728294459079j),0j,0j,0j,0j,(-0.16455693784121345-0.06626778777170739j),(0.20760988906895098-0.09332020583693562j),0j,(0.04014221779838386+0.022419147731298883j),0j,0j,0j,(-0.061440070028276124-0.09023632302096318j),0j,0j,0j,0j,0j,0j,0j,0j,(0.06665012114976739-0.06581026558130014j),(-0.14595023867649146-0.0755420490193834j),0j,(-0.01416915160534828-0.07733351418568667j),0j,0j,0j,(0.07524299192223755-0.01858668315658188j),0j,0j,0j,0j,0j,0j,0j,(0.10032073745971277-0.08361371870336459j),0j,0j,0j,0j,0j,0j,0j,0j,0j,0j,0j,0j,0j,0j,0j,0j,(0.0653360918169833+0.15299229946437976j),(-0.16935354122122032-0.03929433110094266j),0j,(0.0006478982847618366-0.0369566895801182j),0j,0j,0j,(-0.15612368342841165-0.0548547006601046j),0j,0j,0j,0j,0j,0j,0j,(-0.07416992167056528-0.030926808089567798j),0j,0j,0j,0j,0j,0j,0j,0j,0j,0j,0j,0j,0j,0j,0j,(-0.0403151348775301-0.010001745763931093j),0j,0j,0j,0j,0j,0j,0j,0j,0j,0j,0j,0j,0j,0j,0j,0j,0j,0j,0j,0j,0j,0j,0j,0j,0j,0j,0j,0j,0j,0j,0j
10.08,0j,0j,0j,0j,0j,0j,0j,(0.08227362431827967-0.07976735615235556j),0j,0j,0j,(0.14925623450502143+0.01691691357879871j),0j,(0.032769211971725706+0.042282819407082006j),(0.11430117707447532-0.1498119281047868j),0j,0j,0j,0j,(-0.05235330072128597+0.016653364494417514j),0j,(0.14456638868059374+0.05101516172249802j),(-0.06974791917414584+0.07804261306433036j),0j,0j,(0.12069410895711437+0.11977749703968144j),(0.021939361883491243+0.19068609854207957j),0j,(-0.0665339854800388+0.08422369451651501j),0j,0j,0j,0j,0j,0j,(0.05443413173502097+0.0841762870603382j),0j,(0.05874211273646834+0.007638137941300704j),(0.12641526205776865+0.017219183585182755j),0j,0j,(-0.0887145806830717-0.1729554473839892j),(0.12549625601094475-0.08160877688750189j),0j,(-0.10657032992851326-0.029933726751783754j),0j,0j,0j,0j,(0.006474441954108873+0.19574873440750584j),(-0.01630708068452134+0.0619310576216424j),0j,(0.004511994658702757-0.11806797830658372j),0j,0j,0j,(-0.06551886900052135+0.009455517138621913j),0j,0j,0j,0j,0j,0j,0j,0j,0j,0j,(0.11757146002412408-0.059308710337874396j),0j,(0.16702625797026954+0.2758798032289104j),(0.16371015552075374-0.03470159294875684j),0j,0j,(0.009629466826139306-0.07995297605932519j),(0.047704892886726025-0.0922188881183278j),0j,(0.07007403643653456-0.053185550376887936j),0j,0j,0j,0j,(0.08250953598749579+0.013492333960162889j),(-0.05994722027992315-0.05253892250096263j),0j,(0.1934176764155914-0.06426272350556915j),0j,0j,0j,(-0.04274231485324181-0.07917245896963132j),0j,0j,0j,0j,0j,0j,0j,0j,(0.005105440713235852-0.009599213946152617j),(0.0166552658026389-0.027760982246216804j),0j,(0.06381835710190714-0.08600088949854286j),0j,0j,0j,(-0.09741739305610872-0.0009380281909187882j),0j,0j,0j,0j,0j,0j,0j,(-0.1042236850106103+0.12079364962692513j),0j,0j,0j,0j,0j,0j,0j,0j,0j,0j,0j,0j,0j,0j,0j,0j,0j,0j,(-0.09686066620007654-0.10788660344330793j),0j,(0.05213851897819514-0.11028826474268606j),(-0.06118252812596156-0.13760068545450996j),0j,0j,(0.06887120915364928+0.006987323448456626j),(-0.1517055136340711-0.12299519011304752j),0j,(-0.049110215343269786+0.020916613803739985j),0j,0j,0j,0j,(-0.09526783770331734+0.024588827953723455j),(-0.005750421717678131+0.11183923682033128j),0j,(-0.05440915691777737+0.09795048611978961j),0j,0j,0j,(0.10494146595694309+0.05946318201593698j),0j,0j,0j,0j,0j,0j,0j,0j,(0.1511669886602116-0.11160122407101727j),(-0.15732119957665278-0.1103372896408003j),0j,(0.03667013708041846+0.05349809146054883j),0j,0j,0j,(0.1286823846608689-0.09282489827011955j),0j,0j,0j,0j,0j,0j,0j,(-0.028061875734766366+0.1361867482146381j),0j,0j,0j,0j,0j,0j,0j,0j,0j,0j,0j,0j,0j,0j,0j,0j,(0.07096412361116369-0.10946330580625488j),(-0.013539588141819998-0.13712289124808638j),0j,(0.13833564591881198+0.04893538655199367j),0j,0j,0j,(0.030474487608040498+0.04027856920210414j),0j,0j,0j,0j,0j,0j,0j,(-0.08170813605172991-0.0019799716693147257j),0j,0j,0j,0j,0j,0j,0j,0j,0j,0j,0j,0j,0j,0j,0j,(0.14636515065491512-0.01883472628542901j),0j,0j,0j,0j,0j,0j,0j,0j,0j,0j,0j,0j,0j,0j,0j,0j,0j,0j,0j,0j,0j,0j,0j,0j,0j,0j,0j,0j,0j,0j,0j
12.6,0j,0j,0j,0j,0j,0j,0j,(0.01071083349138579-0.004158107763286122j),0j,0j,0j,(0.2244166851822392+0.13358403415775352j),0j,(0.08598161970209774-0.06074843030048014j),(-0.13869700390291634+0.1857560810139179j),0j,0j,0j,0j,(0.05333191391738756+0.03137605717990364j),0j,(0.05708986438512406-0.09682888304616122j),(0.0195841331830981+0.035726387274199536j),0j,0j,(-0.013605261649232784-0.04866420719173745j),(-0.02208075194838049+0.09432539372393085j),0j,(0.1709860809655-0.08905719861266619j),0j,0j,0j,0j,0j,0j,(0.061188953367230375-0.11020113998424735j),0j,(0.10692159760894163-0.19856514504703296j),(-0.16004952543877685+0.022391335299297807j),0j,0j,(-0.08565013879723073-0.0863771194817288j),(-0.027299839612576208+0.05195004221095151j),0j,(-0.18331174328381347-0.09026374126625833j),0j,0j,0j,0j,(-0.046854234912227496-0.07621307602359635j),(-0.11395641212668524-0.004484472597202693j),0j,(0.0005021392217111073+0.022531633940147008j),0j,0j,0j,(0.17159781839253932+0.06569048327085124j),0j,0j,0j,0j,0j,0j,0j,0j,0j,0j,(0.0766295062363016+0.0063341014642676365j),0j,(0.04281399794602343-0.0370366845932022j),(-0.0887167611739199+0.02105902272541575j),0j,0j,(0.079621566433414-0.13385954480352336j),(0.0651887759699962+0.13595679702515487j),0j,(-0.04618830153865704-0.08634699503900096j),0j,0j,0j,0j,(-0.10434050576440518+0.09965326632257297j),(0.08264703837943775+0.04083437063750017j),0j,(0.17664619863887765+0.022281810874173136j),0j,0j,0j,(-0.003766813713544185+0.004504531449615052j),0j,0j,0j,0j,0j,0j,0j,0j,(0.06757175802319998-0.0882598690387805j),(0.03367977840350344+0.06060592957941347j),0j,(-0.10839760290248363-0.00941888074205683j),0j,0j,0j,(-0.17422911093317062-0.0962796679295155j),0j,0j,0j,0j,0j,0j,0j,(0.14785094116481168-0.1320436030273978j),0j,0j,0j,0j,0j,0j,0j,0j,0j,0j,0j,0j,0j,0j,0j,0j,0j,0j,(0.06270032242980093+0.11854158436105389j),0j,(0.0826798334641894+0.06185286255254853j),(0.07140698189587882+0.04274769400611899j),0j,0j,(0.04797133089392015-0.07174231289270748j),(-0.01298893717402079+0.09050856433265915j),0j,(-0.07351594402208947+0.0997932828711178j),0j,0j,0j,0j,(0.07610921684527062+0.13557260181292152j),(0.17627671044119533+0.06284537737043203j),0j,(0.019383624364894665+0.02024451615413008j),0j,0j,0j,(-0.14529198938349527+0.08265609693997282j),0j,0j,0j,0j,0j,0j,0j,0j,(0.2558846953622914+0.06083609770281095j),(-0.015571647184401127+0.08107683502362364j),0j,(-0.036338442397671346+0.17251427331396738j),0j,0j,0j,(-0.02159942817083213+0.02014021417705699j),0j,0j,0j,0j,0j,0j,0j,(0.01579501951361199+0.1181421569057274j),0j,0j,0j,0j,0j,0j,0j,0j,0j,0j,0j,0j,0j,0j,0j,0j,(-0.020824468424262502+0.03614483964227455j),(0.12091602330687576+0.06695456719785244j),0j,(-0.0841770883198592-0.08383336681285182j),0j,0j,0j,(-0.10566923718947067-0.06648234103538336j),0j,0j,0j,0j,0j,0j,0j,(0.05711437020302079+0.0182919107260923j),0j,0j,0j,0j,0j,0j,0j,0j,0j,0j,0j,0j,0j,0j,0j,(-0.12872905144128535+0.03084096740793968j),0j,0j,0j,0j,0j,0j,0j,0j,0j,0j,0j,0j,0j,0j,0j,0j,0j,0j,0j,0j,0j,0j,0j,0j,0j,0j,0j,0j,0j,0j,0j
15.12,0j,0j,0j,0j,0j,0j,0j,(0.13469130219150036-0.06382940654575825j),0j,0j,0j,(0.08540011137191941+0.06213550097723252j),0j,(0.08875611570839066+0.06931776283915539j),(-0.12979024377566145+0.0065886918424363575j),0j,0j,0j,0j,(0.017007542442798212-0.03937363282500019j),0j,(0.12787413446563867+0.1767588182999168j),(-0.051405626493653815+0.016715349451463267j),0j,0j,(-0.22277974473550605+0.03468006174734961j),(-0.055180620142651765-0.07766144237004653j),0j,(-0.03434567755164557+0.07481218642878003j),0j,0j,0j,0j,0j,0j,(-0.048107572388743546+0.0433702503672805j),0j,(0.06509431062264733-0.029051977531190678j),(-0.11658460309680965-0.12156116739560396j),0j,0j,(0.0457540789462869-0.08767564435847527j),(-0.05455411616674939-0.2269728763092125j),0j,(0.13042992276760207+0.07253432260869223j),0j,0j,0j,0j,(-0.21432621661557547-0.010278205216956646j),(-0.00937181675589491-0.061340327729529256j),0j,(-0.048185869270809534+0.07888533264002835j),0j,0j,0j,(0.02960371429777275+0.0465780688629739j),0j,0j,0j,0j,0j,0j,0j,0j,0j,0j,(0.1006358054647682-0.05870656135431915j),0j,(0.16157354582871997+0.05972247930034875j),(-0.049022634510258845-0.05377157547741385j),0j,0j,(-0.10131430440420525-0.019928163170560776j),(2.3939370262651e-05-0.02608892010357668j),0j,(0.006687513118914199-0.007295712965895013j),0j,0j,0j,0j,(-0.003274301330255164+0.2972313467728753j),(0.03579582461010458-0.0610855450696369j),0j,(0.024202409137780448-0.2843774262628803j),0j,0j,0j,(-0.006969353895100358+0.07273107723212359j),0j,0j,0j,0j,0j,0j,0j,0j,(0.05583654974632435+0.027475952977048648j),(-0.10303815149854564+0.09607509917724744j),0j,(0.02614603046293828+0.03855627011992019j),0j,0j,0j,(0.13606268383890863-0.05199698869271804j),0j,0j,0j,0j,0j,0j,0j,(0.008380829626496392+0.0588727456453551j),0j,0j,0j,0j,0j,0j,0j,0j,0j,0j,0j,0j,0j,0j,0j,0j,0j,0j,(-0.023083157719679268+0.005360937261238169j),0j,(0.03234342526212581-0.10769947565601194j),(0.1067600512322051-0.0600637562138424j),0j,0j,(-0.06059088801895955+0.018123527758324237j),(0.0071435863912961564-0.024759182327336038j),0j,(-0.12748885058318596+0.06852342656355728j),0j,0j,0j,0j,(0.02843931211895143+0.020498903943632768j),(0.06543975407473201+0.029753855919909325j),0j,(0.15162268551077943+0.027526879798962532j),0j,0j,0j,(0.08627303086695448-0.09311678647745639j),0j,0j,0j,0j,0j,0j,0j,0j,(0.005631271585277026-0.004335628173738182j),(0.022766524366366767-0.03071966535860091j),0j,(0.11959904244828118+0.04109120035693398j),0j,0j,0j,(-0.0519520085329616-0.23786075519279776j),0j,0j,0j,0j,0j,0j,0j,(-0.11636330363099531-0.09988229135723431j),0j,0j,0j,0j,0j,0j,0j,0j,0j,0j,0j,0j,0j,0j,0j,0j,(0.12699024610138568-0.02799182585804255j),(0.1377554043965391-0.0687801715989772j),0j,(0.0352931112680884-0.1137627429230826j),0j,0j,0j,(-0.1742832725983094-0.2125872388302029j),0j,0j,0j,0j,0j,0j,0j,(-0.07138046296947602-0.04450365434539395j),0j,0j,0j,0j,0j,0j,0j,0j,0j,0j,0j,0j,0j,0j,0j,(0.022462760863498472-0.056718652423439535j),0j,0j,0j,0j,0j,0j,0j,0j,0j,0j,0j,0j,0j,0j,0j,0j,0j,0j,0j,0j,0j,0j,0j,0j,0j,0j,0j,0j,0j,0j,0j
17.64,0j,0j,0j,0j,0j,0j,0j,(0.12694919989780723+0.04426463879603047j),0j,0j,0j,(-0.004476806806394857+0.06063063466890328j),0j,(-0.14531876227602172-0.03474651038306323j),(-0.023846202577359647+0.006683198409977643j),0j,0j,0j,0j,(-0.21145703892605072-0.10215005323534836j),0j,(-0.13841567637269178-0.14282247223592176j),(-0.0027216568915129774+0.0744907224280349j),0j,0j,(0.07878735807047504-0.08313479115329682j),(0.04653820827791288+0.11964362904309069j),0j,(-0.2223452032569135-0.06330550096373064j),0j,0j,0j,0j,0j,0j,(-0.004298886277545728-0.06729024624529388j),0j,(0.0128505297962315+0.05330019615793363j),(-0.05012503433768242-0.17938511826064146j),0j,0j,(-0.08436295808049743-0.08099729615776648j),(0.10198070911813217-0.05631006525109079j),0j,(0.1304334316816712-0.08065928262058607j),0j,0j,0j,0j,(0.051886757043767315-0.038994630221186995j),(-0.029413137468295214+0.017992709830861736j),0j,(-0.056874824127199214+0.04840385233985865j),0j,0j,0j,(-0.04339086050811568-0.05903826469779883j),0j,0j,0j,0j,0j,0j,0j,0j,0j,0j,(-0.022120132623869873-0.07467344970041663j),0j,(0.06482094017266976-0.037454256201192714j),(-0.07929066677822191-0.06116316597164613j),0j,0j,(-0.15475091908681599+0.05940810829295115j),(0.07282962298780386+0.11049316287067626j),0j,(-0.0644682505978367-0.04820949359373236j),0j,0j,0j,0j,(0.0728159563607084-0.30971937322412574j),(-0.011135952309140128-0.1158204293998474j),0j,(-0.05943009086383214+0.15284279521067845j),0j,0j,0j,(-0.016264937596399884+0.08047107287678933j),0j,0j,0j,0j,0j,0j,0j,0j,(-0.15503564296410993-0.023496947406724075j),(-0.0666222693533442+0.043062831564544525j),0j,(-0.06246755980240269+0.040599473884283546j),0j,0j,0j,(0.0641740390558358-0.0774212751338357j),0j,0j,0j,0j,0j,0j,0j,(-0.2302458859774856-0.09993546550505272j),0j,0j,0j,0j,0j,0j,0j,0j,0j,0j,0j,0j,0j,0j,0j,0j,0j,0j,(0.05848702028002992-0.07514273072234844j),0j,(-0.05982352145765274-0.10875165258176892j),(0.13645972019447047-0.027534173484821116j),0j,0j,(-0.03935833997088822-0.04295009475907801j),(0.08153147792328404+0.041323500961209424j),0j,(-0.015223206528769267-0.04364740554691636j),0j,0j,0j,0j,(-0.1942128546479358-0.10355561831988329j),(0.1079201221588797-0.05595784073776528j),0j,(-0.010609870989924854-0.03752835629167909j),0j,0j,0j,(0.013429689091302556+0.04452151903845973j),0j,0j,0j,0j,0j,0j,0j,0j,(-0.032360798380572875+0.01693579685609872j),(0.05053629926467075+0.06775109571669859j),0j,(0.2148783719844956+0.13204306741515004j),0j,0j,0j,(0.11529225139286146-0.06233075369550948j),0j,0j,0j,0j,0j,0j,0j,(-0.03335722857615899+0.012837876835400186j),0j,0j,0j,0j,0j,0j,0j,0j,0j,0j,0j,0j,0j,0j,0j,0j,(0.17992913905117014+0.04166199510840017j),(0.09802778278538274+1.3549605228507788e-06j),0j,(-0.0534531192657036-0.11297255678874349j),0j,0j,0j,(-0.05627746181930968-0.17653790564880903j),0j,0j,0j,0j,0j,0j,0j,(-0.06767511704051116+0.03075720405188859j),0j,0j,0j,0j,0j,0j,0j,0j,0j,0j,0j,0j,0j,0j,0j,(-0.026155685631073032+0.12824609615779942j),0j,0j,0j,0j,0j,0j,0j,0j,0j,0j,0j,0j,0j,0j,0j,0j,0j,0j,0j,0j,0j,0j,0j,0j,0j,0j,0j,0j,0j,0j,0j
20.16,0j,0j,0j,0j,0j,0j,0j,(0.10574869957183956+0.055813892173343975j),0j,0j,0j,(0.09354683048174939-0.0972768704521172j),0j,(0.006925622222755932+0.041457894044969495j),(-0.07422607514272445+0.11636022010892591j),0j,0j,0j,0j,(-0.1527883635390043+0.05179605377544376j),0j,(0.10944369192105448-0.0016401322047246794j),(-0.10918146691852319+0.15229130247483366j),0j,0j,(-0.030266129220721423-0.02335226303896473j),(-0.04824375249631587-0.10107310485169589j),0j,(-0.0652937052967383-0.014015709276353391j),0j,0j,0j,0j,0j,0j,(-0.049561782947786466+0.011401736627347399j),0j,(-0.017264882756873323-0.06200190642672481j),(-0.09220693422183385+0.05764589727439023j),0j,0j,(0.11596697448795977+0.011406520698159318j),(-0.0879382227236507+0.18658972528725604j),0j,(-0.01000099492867212+0.07538089811833865j),0j,0j,0j,0j,(-0.08463537215902256-0.07053011931348381j),(0.046096488762828555+0.021775807294398576j),0j,(0.02114635167580359+0.05558958111404154j),0j,0j,0j,(0.0496607887259672+0.0034473371214865647j),0j,0j,0j,0j,0j,0j,0j,0j,0j,0j,(-0.04161878392395099-0.0931635101654305j),0j,(0.028609142681099365-0.25098312042556353j),(-0.04131595295135347-0.07761034891633611j),0j,0j,(0.1117067469558253+0.006712963927314282j),(0.0653989613928853+0.12790898887795873j),0j,(-0.05372880328853767+0.05413648595726443j),0j,0j,0j,0j,(0.08849078427069818-0.19568462248375018j),(0.058846936267248365+0.10623073213967162j),0j,(-0.03151692215838857-0.06311670603456432j),0j,0j,0j,(0.06509588421842617+0.1120700733943292j),0j,0j,0j,0j,0j,0j,0j,0j,(0.060194369565588185+0.0897409969873685j),(-0.15352040624065813-0.016701506130737183j),0j,(-0.04346474034294521+0.08961801089845127j),0j,0j,0j,(-0.044917024021065184+0.11895883889207473j),0j,0j,0j,0j,0j,0j,0j,(-0.12030047028106292-0.08935142792375696j),0j,0j,0j,0j,0j,0j,0j,0j,0j,0j,0j,0j,0j,0j,0j,0j,0j,0j,(-0.12709180405458537-0.045760400658122306j),0j,(-0.05036280611897972-0.08361854845617901j),(-0.062156036158100156+0.16961945637349174j),0j,0j,(0.032567327402407815+0.026595259653245246j),(0.0682456273839887-0.05762270531308584j),0j,(-0.14693152032021367-0.1567881501884347j),0j,0j,0j,0j,(-0.1021103140527759+0.019361737407911268j),(-0.18270026153432803-0.02615753222995941j),0j,(-0.08202769999219053+0.16206534500772588j),0j,0j,0j,(-0.049124809312267474+0.04681612371647785j),0j,0j,0j,0j,0j,0j,0j,0j,(0.11015278969845253-0.09183718861265161j),(0.07465996609624403-0.05760522117640653j),0j,(-0.049523716315441536+0.033298173827248985j),0j,0j,0j,(-0.1086155191830675+0.19086356946628508j),0j,0j,0j,0j,0j,0j,0j,(0.04328925174918455-0.07006986354006324j),0j,0j,0j,0j,0j,0j,0j,0j,0j,0j,0j,0j,0j,0j,0j,0j,(0.09735478111994901+0.01390548250791892j),(-0.1318763105639942+0.16714105605082022j),0j,(-0.033986759796680546-0.09974766315318614j),0j,0j,0j,(0.040594225514794274+0.09066604332985156j),0j,0j,0j,0j,0j,0j,0j,(-0.12336998464774282+0.08333229871428396j),0j,0j,0j,0j,0j,0j,0j,0j,0j,0j,0j,0j,0j,0j,0j,(-0.21490729842380363+0.18730287930602987j),0j,0j,0j,0j,0j,0j,0j,0j,0j,0j,0j,0j,0j,0j,0j,0j,0j,0j,0j,0j,0j,0j,0j,0j,0j,0j,0j,0j,0j,0j,0j
22.68,0j,0j,0j,0j,0j,0j,0j,(-0.07080563146689876+0.055557893481960954j),0j,0j,0j,(-0.12151877885979064+0.04601835404469899j),0j,(-0.14103589785857445+0.04504681219322779j),(-0.03355377784027888-0.05885285800947779j),0j,0j,0j,0j,(0.011422265764847887+0.0708778374696399j),0j,(0.17884989629082113+0.18603592074136616j),(-0.05225759081722529+0.05603389853494514j),0j,0j,(-0.028473118725894354-0.07981839208343426j),(-0.156817196681108+0.02283883543069843j),0j,(0.05247823215249084+0.11224137652628927j),0j,0j,0j,0j,0j,0j,(0.027154931150113987-0.036022984447598806j),0j,(-0.1284738439354092+0.08950901074249336j),(0.026474041773701953-0.029099623211088423j),0j,0j,(-0.19646169386795537-0.12790711340673644j),(-0.011188471089749682+0.02349848254514039j),0j,(-0.036840853902687536+0.0041365494624816665j),0j,0j,0j,0j,(-0.001376483334287709-0.003049904464882537j),(-0.09056845259492563+0.025249866479637992j),0j,(0.04138881613786691+0.02967183038209173j),0j,0j,0j,(-0.03386959412493614+0.2538548350679919j),0j,0j,0j,0j,0j,0j,0j,0j,0j,0j,(0.04102049040130599+0.06564730203746721j),0j,(-0.04569178350286161-0.10365908835637984j),(0.0014274141651694251+0.09912908461385345j),0j,0j,(-0.0609216241798884+0.19025231762616032j),(0.1380617716915649+0.004944476510040895j),0j,(-0.024046114285319213-0.1630933364733996j),0j,0j,0j,0j,(-0.01216252955930798+0.23002848965214845j),(0.08587114734691627+0.14520049313387787j),0j,(-0.04239592134359741+0.0688311233810093j),0j,0j,0j,(0.049862768030928185-0.009472291674214406j),0j,0j,0j,0j,0j,0j,0j,0j,(-0.12177854411046847+0.1054779497721328j),(-0.015501731798268695-0.0783347378009819j),0j,(-0.11898656042795233-0.06938055880789315j),0j,0j,0j,(-0.008473735086546894-0.07441688622627972j),0j,0j,0j,0j,0j,0j,0j,(0.05698310269592536+0.07567023055938499j),0j,0j,0j,0j,0j,0j,0j,0j,0j,0j,0j,0j,0j,0j,0j,0j,0j,0j,(-0.04054135481610659-0.32526730423416844j),0j,(0.011791269606978296+0.04505834837637738j),(0.09746678966188321-0.060233838200803747j),0j,0j,(0.0717868250191455-0.0064963838223887176j),(0.20751081862692794-0.013732188232998821j),0j,(-0.06350966935191393-0.0628706429727892j),0j,0j,0j,0j,(-0.043497820638513256+0.0764155963957219j),(-0.06198786866119449+0.09826308788767309j),0j,(0.003981242578064519+0.08835168488048158j),0j,0j,0j,(-0.1779156455503545+0.011546590510632934j),0j,0j,0j,0j,0j,0j,0j,0j,(-0.051299264667092094+0.0763958746530924j),(0.1956898106718568-0.013489522111969902j),0j,(-0.03976239646413754-0.023033190050201484j),0j,0j,0j,(-0.03746382598388921+0.029645952935671013j),0j,0j,0j,0j,0j,0j,0j,(-0.12316536668311898+0.03933104782858781j),0j,0j,0j,0j,0j,0j,0j,0j,0j,0j,0j,0j,0j,0j,0j,0j,(-0.05376790647269157+0.07470949043600396j),(0.1144091687701835-0.030553207369372906j),0j,(-0.043537758436525485+0.06645589069047404j),0j,0j,0j,(0.10065805838752138-0.0046777362827076785j),0j,0j,0j,0j,0j,0j,0j,(-0.08735914606952204+0.0028770958541761323j),0j,0j,0j,0j,0j,0j,0j,0j,0j,0j,0j,0j,0j,0j,0j,(-0.09996115193385574-0.15841612170460007j),0j,0j,0j,0j,0j,0j,0j,0j,0j,0j,0j,0j,0j,0j,0j,0j,0j,0j,0j,0j,0j,0j,0j,0j,0j,0j,0j,0j,0j,0j,0j
25.2,0j,0j,0j,0j,0j,0j,0j,(0.06009192802696022+0.03399391847754037j),0j,0j,0j,(-0.10716999716389+0.058956811308507315j),0j,(-0.03882513949303051+0.014840388589963229j),(-0.04896528473490058+0.008765267421902343j),0j,0j,0j,0j,(0.03443582628501582+0.007324361070131527j),0j,(0.14104816832222855+0.07486877056537955j),(0.0711913359246646-0.09879262278668928j),0j,0j,(0.010189567459666815-0.18563805081341905j),(-0.14987816005071164-0.031639362700785705j),0j,(0.026750412742979467+0.018743642759107417j),0j,0j,0j,0j,0j,0j,(0.0023943859785402893-0.035522712617591136j),0j,(0.06900364944155798-0.011962977716922018j),(-0.12091713147165277-0.02854179490524368j),0j,0j,(0.11847043271339237-0.13154090754074543j),(-0.23143979138948328+0.23021778204319213j),0j,(-0.004791873604578702-0.028448406352122015j),0j,0j,0j,0j,(-0.02121271376345356-0.14648880335458775j),(0.1334835990930557+0.13379346018423285j),0j,(-0.03313209343650692-0.005756526046261033j),0j,0j,0j,(-0.05901126180540432-0.10894910287925888j),0j,0j,0j,0j,0j,0j,0j,0j,0j,0j,(-0.028383232353561064+0.1100867662234549j),0j,(0.07428073500530541-0.0635438491783097j),(0.04394924796454536+0.03506785954990202j),0j,0j,(0.09917147383864522+0.0007206390710762164j),(0.0017293598742216636+0.044913058823476446j),0j,(-0.02168926584679502+0.08197403380880688j),0j,0j,0j,0j,(0.043665666229198374-0.15337108703699256j),(-0.047023362089326136-0.04576636865833812j),0j,(-0.23223746465471704+0.1848122389943172j),0j,0j,0j,(-0.07299917773829308+0.04136182244156136j),0j,0j,0j,0j,0j,0j,0j,0j,(0.00823456589692471+0.009515192540269238j),(0.0010899760017573541+0.021881892031601607j),0j,(0.01103792184460273+0.05527040965715717j),0j,0j,0j,(-0.024509971772256764-0.005471059354498549j),0j,0j,0j,0j,0j,0j,0j,(-0.051793747246469485-0.0334685424555546j),0j,0j,0j,0j,0j,0j,0j,0j,0j,0j,0j,0j,0j,0j,0j,0j,0j,0j,(0.22213239184620673+0.13919688626301016j),0j,(0.019726017631439635+0.12261263049352593j),(0.007543280355547202-0.12141261832589786j),0j,0j,(-0.024652233028259595-0.061526652297335026j),(-0.19754538300314567-0.03293298971890768j),0j,(-0.03413311936949853+0.010380277295349249j),0j,0j,0j,0j,(-0.013001054070981623-0.010684133328458518j),(-0.05997209819164761-0.026527730863732626j),0j,(-0.20072805166331958-0.04654315594317478j),0j,0j,0j,(0.08485014730249543+0.09104059442315147j),0j,0j,0j,0j,0j,0j,0j,0j,(-0.09779558857297456+0.07703741438492705j),(-0.20059400813249598-0.02523077308551444j),0j,(-0.1550784104705472-0.029951000175074266j),0j,0j,0j,(-0.1885174575070943+0.22059666254603433j),0j,0j,0j,0j,0j,0j,0j,(-0.05512848694672676-0.04981820890631054j),0j,0j,0j,0j,0j,0j,0j,0j,0j,0j,0j,0j,0j,0j,0j,0j,(0.013605695554646476+0.04862821668371933j),(0.1116500062112933-0.08446793243624723j),0j,(0.018217497621295736+0.07995311281921577j),0j,0j,0j,(-0.008433767040091118-0.03838803429621056j),0j,0j,0j,0j,0j,0j,0j,(0.1585927086243435-0.14206868211158044j),0j,0j,0j,0j,0j,0j,0j,0j,0j,0j,0j,0j,0j,0j,0j,(-0.055501284828728334+0.07765657523663809j),0j,0j,0j,0j,0j,0j,0j,0j,0j,0j,0j,0j,0j,0j,0j,0j,0j,0j,0j,0j,0j,0j,0j,0j,0j,0j,0j,0j,0j,0j,0j
27.72,0j,0j,0j,0j,0j,0j,0j,(0.04535206415396704+0.06794554200102207j),0j,0j,0j,(-0.004693755802767395-0.05757449393183696j),0j,(0.05429394807248998+0.005302653077996242j),(-0.10157852979217674-0.03883937321694303j),0j,0j,0j,0j,(0.12196168169573363-0.034413254570548925j),0j,(0.028057572503814146+0.17591226019213282j),(0.15211666611975674-0.09802417194435022j),0j,0j,(-0.013738048581502179-0.043808132291550915j),(0.09599142991495313-0.04390866867120038j),0j,(0.11306762179417254-0.025778139117150094j),0j,0j,0j,0j,0j,0j,(0.11709376415605688-0.030324499971643333j),0j,(-0.018729421442777814-0.04448327351625007j),(-0.0419144125529978-0.010122382123881288j),0j,0j,(-0.14891266750148802+0.0002060007000998787j),(0.08814055230086035+0.06076668865026831j),0j,(-0.16102551797067916+0.12763351401937828j),0j,0j,0j,0j,(0.02292617372142542-0.0046462963332433j),(0.0062213271592565745-0.022641554652711806j),0j,(0.016787406964089688+0.12682123866864836j),0j,0j,0j,(0.21493341969676294-0.10156480576037555j),0j,0j,0j,0j,0j,0j,0j,0j,0j,0j,(0.13113953308657644-0.0925591658127413j),0j,(0.2281195990281607-0.09679777056097337j),(-0.1092608843973517-0.03536884208259679j),0j,0j,(-0.03825951481692935-0.05728780944337248j),(-0.05352204681340017-0.08122716641231198j),0j,(0.02191573547645618+0.09852749370884059j),0j,0j,0j,0j,(0.08328599784570444+0.27130211076504473j),(0.06612857357863162-0.07905247986353586j),0j,(-0.05355260078612656+0.19651258845451985j),0j,0j,0j,(0.05594776036421647+0.07388560903724842j),0j,0j,0j,0j,0j,0j,0j,0j,(-0.04267057983840865-0.027652887094951173j),(-0.17233157466254073+0.0018502300636052682j),0j,(0.06787641984081616+0.1616202809298424j),0j,0j,0j,(-0.19447533230458838+0.16425377607224004j),0j,0j,0j,0j,0j,0j,0j,(0.10208667776072239-0.019661556301504034j),0j,0j,0j,0j,0j,0j,0j,0j,0j,0j,0j,0j,0j,0j,0j,0j,0j,0j,(0.0567908759133285-0.030753140872501722j),0j,(0.07458138835530137-0.13380707359520155j),(0.0615910907049962+0.015427074614710934j),0j,0j,(0.03175542024477335-0.12820802929740022j),(-0.12454413474922688+0.04250233191453139j),0j,(-0.06262946293609693+0.000184630543389349j),0j,0j,0j,0j,(0.096916804063158-0.08286883386129201j),(-0.1515867577026676-0.09783120086602734j),0j,(0.1312150359440062+0.10085763790967217j),0j,0j,0j,(-0.005553242705246375+0.06176212112092573j),0j,0j,0j,0j,0j,0j,0j,0j,(-0.0927550993079602-0.10449121118496442j),(-0.11542111808897278+0.05243870052657523j),0j,(0.07126445107969581+0.0461300833760271j),0j,0j,0j,(0.05964978443937926+0.039385860582349136j),0j,0j,0j,0j,0j,0j,0j,(0.10053120147480463-0.09179028607173986j),0j,0j,0j,0j,0j,0j,0j,0j,0j,0j,0j,0j,0j,0j,0j,0j,(0.046061061916672606+0.14615249722303134j),(0.04947335200440057-0.045746263681576846j),0j,(-0.041435408467890955-0.07268975697154817j),0j,0j,0j,(0.015949337539314615-0.058848800309837315j),0j,0j,0j,0j,0j,0j,0j,(0.161153439764883-0.07146915306600815j),0j,0j,0j,0j,0j,0j,0j,0j,0j,0j,0j,0j,0j,0j,0j,(-0.08939514337653974+0.005092521718639609j),0j,0j,0j,0j,0j,0j,0j,0j,0j,0j,0j,0j,0j,0j,0j,0j,0j,0j,0j,0j,0j,0j,0j,0j,0j,0j,0j,0j,0j,0j,0j
30.24,0j,0j,0j,0j,0j,0j,0j,(-0.01967423831291211-0.1273329562535445j),0j,0j,0j,(-0.010772997076700992-0.07854363938444654j),0j,(0.06914662629466972+0.02305800765031954j),(0.1159390853933419+0.09682496953581901j),0j,0j,0j,0j,(-0.012866091602707996+0.024527066779700266j),0j,(-0.1304921557730009-0.0827168368020654j),(-0.01815108988506708+0.027359766480223268j),0j,0j,(-0.156219720531264-0.06280359362567445j),(-0.027894439713329458+0.0055474418916414536j),0j,(-0.0564123084206162+0.0344198656803535j),0j,0j,0j,0j,0j,0j,(0.02341264512838763+0.09133656163448405j),0j,(0.05437120004462054+0.18715753795823986j),(0.11334435319911801-0.12129006143648058j),0j,0j,(0.09112102756809143+0.0876634680184208j),(0.03141935181799982+0.11518139549145777j),0j,(0.09556315683461522+0.1613226185911627j),0j,0j,0j,0j,(-0.08721266004004258-0.06403942307619673j),(-0.001003847537089389+0.03659270838399223j),0j,(-0.0623578533690609+0.013897067932195906j),0j,0j,0j,(-0.2050471009306185+0.2702260454711638j),0j,0j,0j,0j,0j,0j,0j,0j,0j,0j,(0.1887002010000787+0.1468382473078399j),0j,(-0.12117887080705103-0.08182883887765584j),(0.07251307615154208+0.03387720963078564j),0j,0j,(-0.05586569449442003+0.10396478521629754j),(0.005876304426365464-0.01371545199412455j),0j,(0.10619727866512099-0.035541145614969155j),0j,0j,0j,0j,(-0.045756533758284264+0.031921546416511466j),(0.17948663595295714-0.15194965356690573j),0j,(-0.0033404137889274377-0.26042889196643493j),0j,0j,0j,(-0.023633767470916486+0.04679769276740217j),0j,0j,0j,0j,0j,0j,0j,0j,(0.05090540902145703-0.02757567531673596j),(-0.025459268768485973-0.048199072351446846j),0j,(0.07141461449768821-0.02729169083788505j),0j,0j,0j,(0.12272470573939724+0.09107939330342607j),0j,0j,0j,0j,0j,0j,0j,(0.0008682586010919924+0.0988905243751651j),0j,0j,0j,0j,0j,0j,0j,0j,0j,0j,0j,0j,0j,0j,0j,0j,0j,0j,(0.08595966664874766+0.03234496080470592j),0j,(0.2595664652043772+0.006431765380614296j),(0.08132130144264188+0.10611822878014959j),0j,0j,(0.0731848973110556+0.017778294977477897j),(-0.08508280472253751+0.06282788344692956j),0j,(0.03892912975551181+0.002794927806378928j),0j,0j,0j,0j,(0.05376985880150642-0.05258758194315715j),(0.03068477015069116-0.1400547636510033j),0j,(0.17046388106287128-0.10911141651684231j),0j,0j,0j,(0.03479670278928229+0.021677711915798318j),0j,0j,0j,0j,0j,0j,0j,0j,(-0.023243516207643745-0.07186682593663923j),(-0.07211772596549208+0.052149542401922176j),0j,(0.04083998634173618+0.1558801800259019j),0j,0j,0j,(0.019337284274310036+0.10074461135383907j),0j,0j,0j,0j,0j,0j,0j,(-0.0710735022093191-0.108341889679772j),0j,0j,0j,0j,0j,0j,0j,0j,0j,0j,0j,0j,0j,0j,0j,0j,(-0.01993915302913041-0.07027138386449082j),(0.026269477265201974-0.02292447392963831j),0j,(0.09850795523664121+0.11308371004510757j),0j,0j,0j,(0.11437912624936959-0.16419370390817162j),0j,0j,0j,0j,0j,0j,0j,(-0.05090154514770053-0.04124407097867647j),0j,0j,0j,0j,0j,0j,0j,0j,0j,0j,0j,0j,0j,0j,0j,(0.07177292275227891+0.07324571557612275j),0j,0j,0j,0j,0j,0j,0j,0j,0j,0j,0j,0j,0j,0j,0j,0j,0j,0j,0j,0j,0j,0j,0j,0j,0j,0j,0j,0j,0j,0j,0j
32.76,0j,0j,0j,0j,0j,0j,0j,(-0.10037257384034068-0.007499215265487913j),0j,0j,0j,(-0.04167536988204098-0.02623901103645707j),0j,(-0.08278571791283365+0.0029670925413051094j),(0.08971907623784922+0.04139528210191723j),0j,0j,0j,0j,(-0.14165807235709668+0.04440352857608758j),0j,(-0.11452638729720252-0.018789492187395167j),(0.020103980335627363-0.059595972054440005j),0j,0j,(-0.04865592874635024-0.16781460719110458j),(0.13414863152398154-0.05878818967353126j),0j,(-0.019356891119847192-0.04952535743733385j),0j,0j,0j,0j,0j,0j,(-0.08503291464399415-0.07649478115029479j),0j,(-0.05955424993596159-0.21556953341395557j),(-0.13174822910754483-0.05011602691393341j),0j,0j,(-0.059756600156786924+0.11243135193743256j),(-0.06957587586937539+0.0653970906118027j),0j,(-0.009669267838196108-0.0238144628269106j),0j,0j,0j,0j,(0.07614283685261489-0.22136527555289343j),(-0.02509394270581102+0.03530410365237063j),0j,(0.17902772177912965-0.015093372400562091j),0j,0j,0j,(-0.13779812346475107+0.23871464191707614j),0j,0j,0j,0j,0j,0j,0j,0j,0j,0j,(-0.026054712745127537-0.15229179748256935j),0j,(0.07137661295093059+0.20937159867876776j),(-0.00757595965926865+0.051525532934410756j),0j,0j,(0.013410872786755464-0.09616724036440086j),(0.09863772687807369+0.012910457345418676j),0j,(0.04725408749472629-0.07149087200841839j),0j,0j,0j,0j,(-0.13650893644723402-0.18588643214547984j),(0.0375778468594805-0.13555125713037017j),0j,(0.19166295021874516-0.14436592775952645j),0j,0j,0j,(0.2136587725918145-0.016649244062384577j),0j,0j,0j,0j,0j,0j,0j,0j,(-0.08823910001262229+0.0569930240633662j),(-0.025550508013034053-0.02797717191570632j),0j,(0.026304383933737175-0.06590086368774993j),0j,0j,0j,(-0.028861849882131786+0.05066576131112004j),0j,0j,0j,0j,0j,0j,0j,(0.014522220903739176-0.028322978847041675j),0j,0j,0j,0j,0j,0j,0j,0j,0j,0j,0j,0j,0j,0j,0j,0j,0j,0j,(0.1461892591335981-0.17991518353102054j),0j,(-0.07053995226621641-0.13009132503751814j),(-0.08712475256609581-0.009071681014368574j),0j,0j,(0.006346371967463533+0.026633148437516414j),(-0.1008605447362563+0.06947583397788494j),0j,(-0.06595652528657721-0.07783768804446725j),0j,0j,0j,0j,(-0.20137644793538936+0.04416503046202251j),(-0.12210112599137385-0.04107430136888903j),0j,(0.005755512858501559-0.12233043377732157j),0j,0j,0j,(-0.031078781865649704+0.049332167170073576j),0j,0j,0j,0j,0j,0j,0j,0j,(0.028183403204589726+0.05398065666872462j),(-0.11121067551447628+0.11183454291916411j),0j,(0.07570823938383792-0.0897715829037558j),0j,0j,0j,(-0.11781997736183338+0.07742632514751704j),0j,0j,0j,0j,0j,0j,0j,(0.12075921439436854+0.011022740907233715j),0j,0j,0j,0j,0j,0j,0j,0j,0j,0j,0j,0j,0j,0j,0j,0j,(-0.05644041170144308-0.04789855985290671j),(-0.08794885750985867+0.033664682685288994j),0j,(0.015380128129430527+0.023627518365449053j),0j,0j,0j,(-0.03152231525639027-0.09232794133364515j),0j,0j,0j,0j,0j,0j,0j,(-0.03175617069468328-0.06044835693248615j),0j,0j,0j,0j,0j,0j,0j,0j,0j,0j,0j,0j,0j,0j,0j,(0.019311277568507236+0.09199003983348414j),0j,0j,0j,0j,0j,0j,0j,0j,0j,0j,0j,0j,0j,0j,0j,0j,0j,0j,0j,0j,0j,0j,0j,0j,0j,0j,0j,0j,0j,0j,0j
35.28,0j,0j,0j,0j,0j,0j,0j,(-0.09545097317272166+0.1213433471207656j),0j,0j,0j,(-0.13287318443806567-0.14845291059237015j),0j,(-0.03347616480814688-0.026896123309807424j),(-0.026230388612052916+0.10863807701061898j),0j,0j,0j,0j,(-0.024471657395887636+0.005713290587558682j),0j,(0.19521958341723364+0.06462557481656574j),(-0.07312639543524958+0.1200333734267773j),0j,0j,(-0.09616032537489232-0.05395218592754649j),(-0.05554542190381084-0.14472273790906237j),0j,(0.004680873168964174-0.017682509256335095j),0j,0j,0j,0j,0j,0j,(-0.17522583913328724-0.014860125353676697j),0j,(-0.10328910949931168-0.04873518939723323j),(-0.082941809325463-0.013805303790035264j),0j,0j,(-0.04607161279093939-0.13651729314214928j),(-0.1359036573617799+0.038012268748067006j),0j,(0.18601477015024348+0.02336273232554295j),0j,0j,0j,0j,(0.0002511834849692465-0.021518668499456113j),(0.09177238617792814-0.09094884381182886j),0j,(0.07591729286293529+0.019673411354314746j),0j,0j,0j,(-0.08909187390538-0.025301639453758174j),0j,0j,0j,0j,0j,0j,0j,0j,0j,0j,(0.029631709921330213+0.03261019295865229j),0j,(-0.15002590058241838-0.029458508259587034j),(-0.09501147194469377-0.014133546243333763j),0j,0j,(0.018303116935474505-0.07954677721122774j),(0.15485932278350648-0.03434550623832919j),0j,(-0.033764497544084705-0.04000177911705597j),0j,0j,0j,0j,(0.09399327136672678+0.1462053299658426j),(0.10374253931170072+0.032785884704933536j),0j,(-0.06204983256274435+0.29326244289253184j),0j,0j,0j,(0.07227416266701894-0.03906493608112119j),0j,0j,0j,0j,0j,0j,0j,0j,(-0.05151904008757921-0.015123937235110296j),(-0.022929864351950477+0.034241294398554833j),0j,(-0.04803410942179478+0.017707966991213145j),0j,0j,0j,(0.12981325086153217+0.003964356597366801j),0j,0j,0j,0j,0j,0j,0j,(-0.021427970690928104+0.008090651050068388j),0j,0j,0j,0j,0j,0j,0j,0j,0j,0j,0j,0j,0j,0j,0j,0j,0j,0j,(0.19739018207060471-0.07002483034026835j),0j,(0.0010656923584889944-0.010940024127103348j),(-0.08819367574526543+0.16188054502901328j),0j,0j,(-0.13767360173420792+0.03321523033334804j),(-0.12635724343253085-0.13841749627935543j),0j,(-0.07057229174553505+0.03621211386318121j),0j,0j,0j,0j,(0.010876034999659301+0.017619106908338872j),(0.007222749506562343+0.08650656006824638j),0j,(0.06464011264134485+0.028356953874472388j),0j,0j,0j,(-0.028885812154798435-0.06772927958742846j),0j,0j,0j,0j,0j,0j,0j,0j,(-0.1065395404144202-0.07402627323258992j),(-0.13653520933248176-0.17119119960969945j),0j,(-0.030534231489006153+0.009316675417322806j),0j,0j,0j,(-0.16853202607413637+0.06519170698074184j),0j,0j,0j,0j,0j,0j,0j,(0.12019410136335157-0.12037264437564382j),0j,0j,0j,0j,0j,0j,0j,0j,0j,0j,0j,0j,0j,0j,0j,0j,(-0.07837170584341766+0.2066449088437497j),(-0.10567697207107332+0.1442659925217827j),0j,(-0.05549324037549981-0.11694037543823065j),0j,0j,0j,(0.05614829796967724-0.09738828820757402j),0j,0j,0j,0j,0j,0j,0j,(-0.08776157234778416+0.098964178551056j),0j,0j,0j,0j,0j,0j,0j,0j,0j,0j,0j,0j,0j,0j,0j,(-0.12199902916207925+0.063609664093802j),0j,0j,0j,0j,0j,0j,0j,0j,0j,0j,0j,0j,0j,0j,0j,0j,0j,0j,0j,0j,0j,0j,0j,0j,0j,0j,0j,0j,0j,0j,0j
37.8,0j,0j,0j,0j,0j,0j,0j,(0.22536469574142037-0.140393595268892j),0j,0j,0j,(-0.13636230844095115-0.20790180767779393j),0j,(-0.03117020503027723-0.19447505636160117j),(0.044517216989928464-0.09181825824726231j),0j,0j,0j,0j,(0.06514358704845788-0.018664852777098975j),0j,(0.01873692548991306+0.07822280809235796j),(0.10036890562069713-0.0049155294095114335j),0j,0j,(0.12209181740811308+0.03245243294645306j),(-0.12774319669625564+0.029195457221127256j),0j,(-0.0044112812878166555+0.06379956150191733j),0j,0j,0j,0j,0j,0j,(-0.08204410992931559+0.08373787771483461j),0j,(-0.023936591312685385-0.026834414557241615j),(-0.024344824545109837+0.0367333300416393j),0j,0j,(-0.043222815318934696-0.18282586983438337j),(-0.11114617190904294-0.011340678280068663j),0j,(0.007159981022088396+0.08131049884743707j),0j,0j,0j,0j,(0.04308401946226221+0.07909193942886535j),(0.06812048736141416+0.03714571508551017j),0j,(0.015601599059926051-0.05429887156225374j),0j,0j,0j,(-0.199780511946037+0.08199666827170919j),0j,0j,0j,0j,0j,0j,0j,0j,0j,0j,(-0.14818895922916517-0.02306387910365533j),0j,(0.1487173635021511+0.06245227663036761j),(0.10030554483244855+0.09745565114111529j),0j,0j,(-0.061179259575625526-0.00013049774260077626j),(-0.020742989735466795+0.1322848025670818j),0j,(0.06577421427615962-0.061359336159194186j),0j,0j,0j,0j,(0.015171703064170455-0.14663404860883827j),(0.02380410453083481-0.037804519067208844j),0j,(0.07656312441183681-0.25296335788939067j),0j,0j,0j,(0.06094193939322494-0.011817086238852265j),0j,0j,0j,0j,0j,0j,0j,0j,(-0.06254795339605485-0.15696038910441523j),(0.056524426991749505-0.0015548405750695458j),0j,(-0.014644391969297897-0.042169818888025686j),0j,0j,0j,(0.03796004744087473+0.1393358884913647j),0j,0j,0j,0j,0j,0j,0j,(-0.0377180437617461-0.020209304474669253j),0j,0j,0j,0j,0j,0j,0j,0j,0j,0j,0j,0j,0j,0j,0j,0j,0j,0j,(-0.07256877572554016-0.13317355973821338j),0j,(-0.12953127721541052-0.029130503932264754j),(0.11412417237521713+0.06878991443540586j),0j,0j,(0.030303656575238983+0.08974884392859364j),(0.01299119462369952-0.07881464419611348j),0j,(-0.007787582240386427-0.05463949650307246j),0j,0j,0j,0j,(0.006677641909367239-0.12734818554595362j),(-0.21902371313956318+0.09247166028881712j),0j,(-0.04606861731576536-0.03332611436293259j),0j,0j,0j,(0.0884795923767398-0.03536661398492186j),0j,0j,0j,0j,0j,0j,0j,0j,(-0.12979557873085232-0.16265067755013826j),(0.014738730347092124-0.0749904721636015j),0j,(-0.07354534498775926+0.12055960439836298j),0j,0j,0j,(-0.10930913972108436-0.018493157165681715j),0j,0j,0j,0j,0j,0j,0j,(-0.09265428381527281-0.0033030108430171373j),0j,0j,0j,0j,0j,0j,0j,0j,0j,0j,0j,0j,0j,0j,0j,0j,(0.17615974554729064-0.1915387116341798j),(0.09499805183251553+0.06317064855703525j),0j,(0.10982546332625495+0.09386690008057019j),0j,0j,0j,(-0.05228853021407856+0.03808095905919644j),0j,0j,0j,0j,0j,0j,0j,(0.09675093581932469-0.061330400573442315j),0j,0j,0j,0j,0j,0j,0j,0j,0j,0j,0j,0j,0j,0j,0j,(-0.007820986244916839+0.04693069628236243j),0j,0j,0j,0j,0j,0j,0j,0j,0j,0j,0j,0j,0j,0j,0j,0j,0j,0j,0j,0j,0j,0j,0j,0j,0j,0j,0j,0j,0j,0j,0j
40.32,0j,0j,0j,0j,0j,0j,0j,(-0.09236443740652955-0.06161961779312143j),0j,0j,0j,(-0.05400877144134787+0.01130833745654521j),0j,(-0.025607234640554814-0.008554753700302878j),(-0.07398870338297722+0.04849434813948552j),0j,0j,0j,0j,(0.05192153089296117-0.03825431176936289j),0j,(-0.05346131588659426+0.06428957673253226j),(0.06035646385914922+0.06912503257342188j),0j,0j,(0.01449326908955613+0.04980695074048065j),(0.10374403951148045-0.15270704640306138j),0j,(0.012115355726903983-0.04282424036345077j),0j,0j,0j,0j,0j,0j,(0.08882207819977028-0.05673823849608546j),0j,(0.12328154483259922+0.08571402852069097j),(0.16987824210660457-0.04470258366472099j),0j,0j,(0.13178324640668082-0.02951783560203247j),(-0.031328682694889844-0.05815899516692014j),0j,(-0.013437827316376195-0.02073623961756551j),0j,0j,0j,0j,(-0.071683669062214+0.015848871097902843j),(-0.10556045596582156-0.1615881351036657j),0j,(-0.032324481134988876+0.035398142614749856j),0j,0j,0j,(0.03980730335499738+0.07456000690486785j),0j,0j,0j,0j,0j,0j,0j,0j,0j,0j,(0.16931353820339484-0.004372333398509884j),0j,(0.16889925147406892-0.0875209108559177j),(-0.011379478231298826-0.08508533485116497j),0j,0j,(0.09849601842143657+0.02546582949254369j),(0.016219916730603013-0.008375392192367773j),0j,(-0.05116168418461428-0.10784484976983688j),0j,0j,0j,0j,(-0.07619152251446364-0.005769733593190114j),(-0.0356624523630968+0.03971553428009909j),0j,(0.2799312176319761-0.16131304613874442j),0j,0j,0j,(0.043606025473269666+0.057664508740771295j),0j,0j,0j,0j,0j,0j,0j,0j,(-0.0003732162544439442+0.06718060070629082j),(-0.10224117727168264+0.08173863462182782j),0j,(-0.07373836327762726-0.06465121618355035j),0j,0j,0j,(0.009126682031527488+0.022560933446774768j),0j,0j,0j,0j,0j,0j,0j,(0.06414244214520792-0.009018115415252038j),0j,0j,0j,0j,0j,0j,0j,0j,0j,0j,0j,0j,0j,0j,0j,0j,0j,0j,(-0.14409572709625817+0.057922688540234954j),0j,(0.16642094139354285-0.012568144111011183j),(0.07977589508377435+0.11587420972047721j),0j,0j,(-0.0008252737382218218-0.0721023757137049j),(-0.10703192032881578+0.2704488655453674j),0j,(-0.05981391325211424-0.0035536440220412246j),0j,0j,0j,0j,(-0.07990253499860006-0.06824257819294441j),(-0.17109370698176657+0.20744306010924984j),0j,(0.1931734506228298+0.07473311813300793j),0j,0j,0j,(-0.06037772505112119-0.11897132559651125j),0j,0j,0j,0j,0j,0j,0j,0j,(-0.0944175434405611+0.03602069833950322j),(-0.02892937548167425+0.2606036926628494j),0j,(0.1729001316448691-0.050581911545414825j),0j,0j,0j,(-0.008147695699870694-0.05801684370924195j),0j,0j,0j,0j,0j,0j,0j,(0.04718829743147766-0.10332220681298221j),0j,0j,0j,0j,0j,0j,0j,0j,0j,0j,0j,0j,0j,0j,0j,0j,(-0.07878547539413244-0.07262563639654043j),(0.019794120523207642+0.17785681720639168j),0j,(0.03328279268331892-0.10606332673567254j),0j,0j,0j,(0.12266078404336879+0.02860317593586772j),0j,0j,0j,0j,0j,0j,0j,(0.04391548232507565+0.041603176812132284j),0j,0j,0j,0j,0j,0j,0j,0j,0j,0j,0j,0j,0j,0j,0j,(0.07333858487270571+0.09326537939398907j),0j,0j,0j,0j,0j,0j,0j,0j,0j,0j,0j,0j,0j,0j,0j,0j,0j,0j,0j,0j,0j,0j,0j,0j,0j,0j,0j,0j,0j,0j,0j
42.84,0j,0j,0j,0j,0j,0j,0j,(0.008827162804226941+0.09044689534015331j),0j,0j,0j,(-0.06806686664263137-0.03243298320453303j),0j,(0.001244738508124607+0.045423785149376235j),(-0.048446222021245634-0.027493283568486786j),0j,0j,0j,0j,(-0.087503989255626-0.08503216959319862j),0j,(0.03487495920091194+0.12063238416065758j),(0.02006112200204795-0.025616617948742995j),0j,0j,(0.053622014925582454-0.03512497729827911j),(-0.15698068417429387-0.04518350305065091j),0j,(0.007877065565835749-0.12457058628780349j),0j,0j,0j,0j,0j,0j,(0.0973945934178638-0.19485721976714696j),0j,(0.10199742717919026+0.1532403636167227j),(-0.0055750523545455895-0.03373456788743363j),0j,0j,(0.11361874718699794-0.012764559249887932j),(0.1874619282890015-0.15599481878342691j),0j,(0.11066788075478473-0.014112643125638778j),0j,0j,0j,0j,(0.09903114370053898-0.04521359651101947j),(0.06840205450509632-0.03726559928425509j),0j,(0.07455337826744907-0.006711859071078179j),0j,0j,0j,(-0.1170628112067533-0.12218683944811237j),0j,0j,0j,0j,0j,0j,0j,0j,0j,0j,(-0.034362495030099686+0.04719950921068894j),0j,(-0.09106854301544769+0.2794174530650231j),(0.13046579301991137+0.035192409473564064j),0j,0j,(0.1671179551127341+0.11025159066772856j),(-0.022049055600969654-0.06338176202041322j),0j,(0.008985063117379004-0.11245408335281445j),0j,0j,0j,0j,(0.17522692697308034-0.11556421012014062j),(-0.02227846738810778+0.10181732098321383j),0j,(-0.04164832148113849+0.060903726145672465j),0j,0j,0j,(0.047263871477499594+0.008847045162622573j),0j,0j,0j,0j,0j,0j,0j,0j,(0.05916039725104946+0.057017342624121004j),(-0.06678397049509956+0.03472998902723812j),0j,(-0.05174545256688363-0.145239970086109j),0j,0j,0j,(0.11919558197385204+0.09559037611539421j),0j,0j,0j,0j,0j,0j,0j,(-0.023307635034481924-0.18552175000153537j),0j,0j,0j,0j,0j,0j,0j,0j,0j,0j,0j,0j,0j,0j,0j,0j,0j,0j,(0.19500543329602404-0.14527010997450293j),0j,(-0.01896935023377959+0.03068289587946659j),(-0.007465369624764948-0.09868578954269489j),0j,0j,(-0.007064455799660849-0.1973159034813129j),(-0.08035752819079435-0.04434625367802645j),0j,(-0.030988139552378818-0.029211770057116213j),0j,0j,0j,0j,(-0.2228401017131813-0.10015202751652993j),(-0.03602375331964202+0.07857171517095524j),0j,(0.019933777564984635+0.107903012295823j),0j,0j,0j,(0.05470547823717487-0.06860623233578403j),0j,0j,0j,0j,0j,0j,0j,0j,(-0.09351272362196027+0.01761577771860584j),(-0.09129676962832288-0.0322596480218081j),0j,(-0.023359683069256308-0.05782954630438249j),0j,0j,0j,(0.197986396076339-0.08119502001386952j),0j,0j,0j,0j,0j,0j,0j,(-0.0764392222915678-0.08121327179638681j),0j,0j,0j,0j,0j,0j,0j,0j,0j,0j,0j,0j,0j,0j,0j,0j,(0.08618272611137857+0.07087212745404815j),(0.08090598535294163-0.021183777908887397j),0j,(0.07438536299009764+0.11880838101001291j),0j,0j,0j,(-0.008269426349457092-0.10210069980644615j),0j,0j,0j,0j,0j,0j,0j,(0.04450233358746515+0.0033819127427478154j),0j,0j,0j,0j,0j,0j,0j,0j,0j,0j,0j,0j,0j,0j,0j,(-0.09301233350853351+0.11613976396358941j),0j,0j,0j,0j,0j,0j,0j,0j,0j,0j,0j,0j,0j,0j,0j,0j,0j,0j,0j,0j,0j,0j,0j,0j,0j,0j,0j,0j,0j,0j,0j
45.36000000000001,0j,0j,0j,0j,0j,0j,0j,(-0.06655097146963951-0.04671137932071648j),0j,0j,0j,(-0.0303789342108303-0.10016279916038116j),0j,(-0.05931289244849179-0.07343226706651552j),(-0.01493015868855265-0.04192991172200971j),0j,0j,0j,0j,(0.12171308041737917+0.03806907157719577j),0j,(0.045608218049199414-0.20707555873228037j),(0.03548886665481397+0.06702008880861457j),0j,0j,(0.018200118972334547+0.023883871097192436j),(0.005128606576355454+0.131800648735447j),0j,(0.2986463693961934-0.08196534343163736j),0j,0j,0j,0j,0j,0j,(0.03261058206088717-0.08252535103205241j),0j,(0.0489063102585585-0.1389825170212608j),(-0.009607867003410465-0.09480818090584381j),0j,0j,(-0.1539457565874041-0.021563085292337247j),(-0.03975426972815767+0.06583010098468499j),0j,(0.001957050100588397-0.11037347788741646j),0j,0j,0j,0j,(0.009522274490384572+0.11233337926592893j),(0.10694613243686818+0.12918068850136058j),0j,(0.1089263964185082-0.04122813453018872j),0j,0j,0j,(0.023062545712938247-0.01828541624343196j),0j,0j,0j,0j,0j,0j,0j,0j,0j,0j,(0.025541636555160292-0.0825262939367407j),0j,(-0.045150564847731445+0.14214983602058606j),(0.08385762106131817-0.0659208937708213j),0j,0j,(0.07050155773411167-0.04109367139912957j),(0.03854858314106066+0.03725570987128628j),0j,(0.007684245667186647-0.08231183718920661j),0j,0j,0j,0j,(0.026150539429341833-0.11933398414552387j),(-0.13111608800198693+0.05820828085078842j),0j,(0.02460307880325228-0.13946711232614795j),0j,0j,0j,(0.06511532370817663-0.1210386594119326j),0j,0j,0j,0j,0j,0j,0j,0j,(0.0018195071055175593-0.016105863937785188j),(0.131767149241499-0.07846396212703799j),0j,(0.01742946724462228-0.11906354633855021j),0j,0j,0j,(-0.02835453728289586-0.09083040098576256j),0j,0j,0j,0j,0j,0j,0j,(0.3054821238303799-0.06418856631643187j),0j,0j,0j,0j,0j,0j,0j,0j,0j,0j,0j,0j,0j,0j,0j,0j,0j,0j,(0.044216544464443+0.2650486308646778j),0j,(0.05861913648395958-0.023240957162044558j),(-0.0022755228726841215-0.12449603689011042j),0j,0j,(-0.03838232718092559-0.04502109176689088j),(0.039247105593701294+0.21002599038770783j),0j,(0.10382083388974306+0.018250212032669393j),0j,0j,0j,0j,(0.1444383842094717+0.040978044948385035j),(-0.05800132259623789+0.035995149423490476j),0j,(-0.12137218774689426+0.005606712554779205j),0j,0j,0j,(0.12085856006312266-0.017152738390143j),0j,0j,0j,0j,0j,0j,0j,0j,(-0.03534495696550276+0.041560712044618274j),(0.04487470551525319+0.1838216857148926j),0j,(0.0176277975414016-0.11452461325542863j),0j,0j,0j,(-0.05383140858151975+0.017816769673831195j),0j,0j,0j,0j,0j,0j,0j,(-0.004344343212048629+0.22411462462618575j),0j,0j,0j,0j,0j,0j,0j,0j,0j,0j,0j,0j,0j,0j,0j,0j,(-0.07690034445478217-0.03505302960376489j),(0.016202746205086355-0.05126512115537814j),0j,(0.05906161025641887-0.1057059164981526j),0j,0j,0j,(-0.01407641333776858-0.01254877983642634j),0j,0j,0j,0j,0j,0j,0j,(-0.0625751865718424+0.0859928957121261j),0j,0j,0j,0j,0j,0j,0j,0j,0j,0j,0j,0j,0j,0j,0j,(0.0010509646833230316-0.16328442945932625j),0j,0j,0j,0j,0j,0j,0j,0j,0j,0j,0j,0j,0j,0j,0j,0j,0j,0j,0j,0j,0j,0j,0j,0j,0j,0j,0j,0j,0j,0j,0j
47.88000000000001,0j,0j,0j,0j,0j,0j,0j,(-0.0833637318384673+0.10819148546544126j),0j,0j,0j,(0.058159852952542904+0.10991305916511371j),0j,(0.032543533108422826+0.02243140542891854j),(0.09191427464311513+0.019183583326692916j),0j,0j,0j,0j,(-0.013874956006810555-0.04690892062867375j),0j,(0.01393763622130935-0.05456627174601396j),(0.11652674221687752+0.02639320772179215j),0j,0j,(0.033065981146689294+0.08031751074062925j),(-0.011095065270554854+0.17604583755899675j),0j,(-0.17276855436384891-0.0707648673707594j),0j,0j,0j,0j,0j,0j,(0.012615058855963299-0.030531634701289348j),0j,(0.10110822430004474-0.03380751708701215j),(0.052335400883610175+0.08677785729409389j),0j,0j,(0.13777596780567872+0.06185825519418871j),(0.040837840379064586+0.06742745530731346j),0j,(0.04807363662624301-0.042342689687301566j),0j,0j,0j,0j,(0.024228018200510987+0.05796521871327691j),(0.03972702052732319+0.07208877281653492j),0j,(-0.14273648145070822+0.13980701744881346j),0j,0j,0j,(0.1946631736551877+0.052861582751943186j),0j,0j,0j,0j,0j,0j,0j,0j,0j,0j,(-0.06496313011180088-0.04310316132865283j),0j,(-0.2954321694786776-0.18979112610878102j),(-0.03316476785777649+0.05786272528536847j),0j,0j,(0.08976746375680156-0.02082160200941693j),(0.10866286892539362+0.09102209530635062j),0j,(-0.17745036366690733-0.08529077870499686j),0j,0j,0j,0j,(0.16283883066350602-0.10350744652903479j),(0.026472681358940934+0.09443426703155637j),0j,(0.14426312368907396+0.12189581526048415j),0j,0j,0j,(-0.10569494868922277+0.20546614529993013j),0j,0j,0j,0j,0j,0j,0j,0j,(0.054111521763684-0.062019896065353526j),(-0.04622148427224331+0.022488136009286064j),0j,(-0.19034369960240247+0.049184619213802544j),0j,0j,0j,(-0.09142665495137281-0.06512488180092746j),0j,0j,0j,0j,0j,0j,0j,(-0.11736484388962046-0.1494257180587255j),0j,0j,0j,0j,0j,0j,0j,0j,0j,0j,0j,0j,0j,0j,0j,0j,0j,0j,(-0.015719650504500676-0.014868543799782055j),0j,(-0.02664075650418256-0.09557193732012183j),(0.13028289583602218-0.09389574188240388j),0j,0j,(-0.005659570321218084+0.027247772742622696j),(0.10992742417825317+0.0020027493717371253j),0j,(-0.070180549815427-0.03459896747317988j),0j,0j,0j,0j,(0.04607114056923384-0.10306157651647939j),(0.08172132978317627-0.07493479537535346j),0j,(-0.10325227306549957+0.12866933570775094j),0j,0j,0j,(0.016706980335576212+0.11721828327602452j),0j,0j,0j,0j,0j,0j,0j,0j,(0.035483926097666485+0.05151357055510164j),(0.054118589552079994+0.02590233908944434j),0j,(0.11127521165327385+0.14811482331123765j),0j,0j,0j,(0.06308403485467064+0.07879600020525332j),0j,0j,0j,0j,0j,0j,0j,(-0.03385937786875457+0.19714649271026688j),0j,0j,0j,0j,0j,0j,0j,0j,0j,0j,0j,0j,0j,0j,0j,0j,(-0.04027538761841565+0.07735730001147381j),(0.0727698379231652-0.0402134708674235j),0j,(-0.11644570418046608+0.031158929718773175j),0j,0j,0j,(0.013581219659845451+0.13019337882208892j),0j,0j,0j,0j,0j,0j,0j,(0.07923444794895423+0.047583662386435355j),0j,0j,0j,0j,0j,0j,0j,0j,0j,0j,0j,0j,0j,0j,0j,(-0.0782127115895369+0.08291369841674083j),0j,0j,0j,0j,0j,0j,0j,0j,0j,0j,0j,0j,0j,0j,0j,0j,0j,0j,0j,0j,0j,0j,0j,0j,0j,0j,0j,0j,0j,0j,0j
50.40000000000001,0j,0j,0j,0j,0j,0j,0j,(-0.05268051004663248+0.08938006174716702j),0j,0j,0j,(0.09146699592117306-0.14861631153013521j),0j,(0.22203689092686266-0.06554298455907201j),(0.06075087335826569-0.059069434917505666j),0j,0j,0j,0j,(-0.15013717693638498-0.01767403082887504j),0j,(0.060227496821433885-0.04099351212829161j),(0.02659427819059418-0.026312574329293854j),0j,0j,(0.01054057953093256+0.10644227752240124j),(0.008245170969240725+0.020245850645387246j),0j,(-0.05678919383390631-0.15764286095691402j),0j,0j,0j,0j,0j,0j,(0.021710379466770166-0.04559314665779173j),0j,(0.012027985547193594-0.026000929251036673j),(-0.018567779341442343+0.004129915881255638j),0j,0j,(-0.0262348841918749-0.06577236734213295j),(-0.07581944561089696+0.020572954863221304j),0j,(0.0027613570210641633+0.15904507146708843j),0j,0j,0j,0j,(-0.028045328601351137+0.1267884746377024j),(0.09573301058881793+0.11429215471692333j),0j,(0.09592998489750064+0.025917870496633993j),0j,0j,0j,(0.12804939382059993+0.13020694556217785j),0j,0j,0j,0j,0j,0j,0j,0j,0j,0j,(-0.12308025927507438-0.0288788321578081j),0j,(0.22708403243320974-0.2486400523274951j),(0.028957508568214118+0.0416771111181101j),0j,0j,(0.06592684949558797+0.0804042906810591j),(0.09428362826404853+0.06266047857909629j),0j,(-0.02788800222028817-0.13601450886524052j),0j,0j,0j,0j,(0.1272964009268421+0.03106254589377807j),(0.1770279094203522-0.028042577430200506j),0j,(-0.006141598628421868-0.3190802979032892j),0j,0j,0j,(0.14045251452488391-0.048406445514352796j),0j,0j,0j,0j,0j,0j,0j,0j,(0.17960612946432597-0.07143461510700502j),(-0.05523077760834092+0.05492157823592621j),0j,(-0.01744959533552804-0.07445107162398275j),0j,0j,0j,(0.020936640252840606+0.16456110787671493j),0j,0j,0j,0j,0j,0j,0j,(0.03757719231283394-0.20117735122822006j),0j,0j,0j,0j,0j,0j,0j,0j,0j,0j,0j,0j,0j,0j,0j,0j,0j,0j,(-0.198168908985193+0.06389457481713579j),0j,(-0.062292794850601595+0.014959555855479053j),(-0.08934407237820499-0.03156199456877144j),0j,0j,(0.07648031895995641-0.07888360996721473j),(0.0732933652749038-0.0015370568920162822j),0j,(-0.10096921201142685+0.028551586276162968j),0j,0j,0j,0j,(0.05239360218679932+0.041940475448483186j),(0.10001486893284632-0.02251498954178835j),0j,(0.13735410754423905+0.04410527749481615j),0j,0j,0j,(0.07162939615606151+0.03743381351404455j),0j,0j,0j,0j,0j,0j,0j,0j,(0.11089079302064056-0.1306715765796233j),(0.022113637248200094+0.014002827548599333j),0j,(0.0005120452911347839+0.03607627487241431j),0j,0j,0j,(-0.12242736699965998-0.0020092061348703887j),0j,0j,0j,0j,0j,0j,0j,(0.029292021125314042+0.08562448368138074j),0j,0j,0j,0j,0j,0j,0j,0j,0j,0j,0j,0j,0j,0j,0j,0j,(-0.08610479728390345+0.0635141221892834j),(-0.13943097905182192-0.08449493901557306j),0j,(-0.03944678101118402+0.0021967341816131625j),0j,0j,0j,(-0.02117091626920846-0.006290726359538578j),0j,0j,0j,0j,0j,0j,0j,(-0.03153977098029811+0.03014513575293167j),0j,0j,0j,0j,0j,0j,0j,0j,0j,0j,0j,0j,0j,0j,0j,(-0.07694076311284492-0.09735866597018399j),0j,0j,0j,0j,0j,0j,0j,0j,0j,0j,0j,0j,0j,0j,0j,0j,0j,0j,0j,0j,0j,0j,0j,0j,0j,0j,0j,0j,0j,0j,0j
