,0,1,2,3,4,5,6,7,8,9,10,11,12,13,14,15,16,17,18,19,20,21,22,23,24,25,26,27,28,29,30,31,32,33,34,35,36,37,38,39,40,41,42,43,44,45,46,47,48,49,50,51,52,53,54,55,56,57,58,59,60,61,62,63
0.0,0j,0j,0j,0j,0j,0j,0j,0j,0j,0j,0j,0j,0j,0j,0j,0j,0j,0j,0j,0j,(1+0j),0j,0j,0j,0j,0j,0j,0j,0j,0j,0j,0j,0j,0j,0j,0j,0j,0j,0j,0j,0j,0j,0j,0j,0j,0j,0j,0j,0j,0j,0j,0j,0j,0j,0j,0j,0j,0j,0j,0j,0j,0j,0j,0j
1.25,0j,0j,0j,(0.08888207718773979+0.051503478964646354j),0j,(-0.0893050410289806+0.07729407015038807j),(0.06945089205149386+0.01596134043218235j),0j,0j,(0.14003869227512036+0.10693625179338834j),(-0.1256258776644609+0.21240904981417177j),0j,(-0.37171933763910825-0.06509577052584219j),0j,0j,0j,0j,(-0.04624633128783256+0.030252545916719713j),(-0.22903581637085302-0.24950248165813402j),0j,(0.3712790715814841-0.23758901829919435j),0j,0j,0j,(-0.4067050816519231+0.03192982730498077j),0j,0j,0j,0j,0j,0j,0j,0j,(0.06834490766358867+0.022597734794170456j),(-0.18681071200394578+0.18416098273893403j),0j,(-0.2325619564741174-0.24178641617492147j),0j,0j,0j,(-0.12560673685246343+0.21239434215186362j),0j,0j,0j,0j,0j,0j,0j,(0.09358442381193109+0.03722341468003809j),0j,0j,0j,0j,0j,0j,0j,0j,0j,0j,0j,0j,0j,0j,0j
2.5,0j,0j,0j,(0.22869049793340562+0.02532708488958746j),0j,(-0.0951521268982064-0.23896743494927625j),(0.15537869800635817-0.1109239087716474j),0j,0j,(0.4077758420703389+0.23348035085480412j),(-0.0034343688091545872+0.1619244350041683j),0j,(-0.036716472243064596+0.1757026614183938j),0j,0j,0j,0j,(-0.061722846441583816-0.2831916053277796j),(0.0005126066873057077-0.16783596956489202j),0j,(0.31664031027246187+0.1595025432326453j),0j,0j,0j,(0.02379403794851786+0.21832985882366585j),0j,0j,0j,0j,0j,0j,0j,0j,(0.21104411051553693-0.018411308222199125j),(-0.34902581013548645+0.16997911096759113j),0j,(0.0015756302406682854-0.12440297482429918j),0j,0j,0j,(-0.0033499921372602826+0.16205444291075233j),0j,0j,0j,0j,0j,0j,0j,(0.1717520388220794-0.11070142980437353j),0j,0j,0j,0j,0j,0j,0j,0j,0j,0j,0j,0j,0j,0j,0j
3.75,0j,0j,0j,(0.06438835091775365+0.11987627123374839j),0j,(-0.13908794928772544-0.43631415684010494j),(-0.21513605850208073+0.011583537162024593j),0j,0j,(-0.011333393261295961+0.29389919745288895j),(0.04240783346675916-0.0107676930894513j),0j,(0.07846659942444142-0.15004394560080422j),0j,0j,0j,0j,(-0.11379783149948866-0.41218876700032675j),(-0.15160874006989325-0.0508901967471202j),0j,(0.24085165373991707+0.007676785604378983j),0j,0j,0j,(0.08941245628532254-0.19523007511208143j),0j,0j,0j,0j,0j,0j,0j,0j,(0.0990594674189333+0.09974492552577882j),(-0.40831959444336563+0.13065431818563433j),0j,(-0.13359586049452696+0.005677924579350999j),0j,0j,0j,(0.04277163944576712-0.010618598599290166j),0j,0j,0j,0j,0j,0j,0j,(-0.2677011049609646-0.02480100490191124j),0j,0j,0j,0j,0j,0j,0j,0j,0j,0j,0j,0j,0j,0j,0j
5.0,0j,0j,0j,(0.20783322876757573+0.08407265478375416j),0j,(0.17681283858664995-0.22860849535887956j),(-0.07761678166325271+0.2447938876754518j),0j,0j,(-0.13526934636923754+0.14682169789671665j),(0.21617004161356884+0.3011155410819901j),0j,(-0.07558164470686733-0.26375170799745207j),0j,0j,0j,0j,(0.21471988849097834-0.17805818489183492j),(-0.04254191724088369+0.0025181714147487107j),0j,(-0.0063966258461675+0.20670354577512481j),0j,0j,0j,(-0.17769138102071075-0.24948940252085094j),0j,0j,0j,0j,0j,0j,0j,0j,(0.24473114047698144+0.043226577151058224j),(-0.14944483597745517+0.1923907969587302j),0j,(-0.05607017903797927+0.048289783502517725j),0j,0j,0j,(0.2163292968994489+0.3009970547041659j),0j,0j,0j,0j,0j,0j,0j,(-0.10096929888768089+0.23946214698970594j),0j,0j,0j,0j,0j,0j,0j,0j,0j,0j,0j,0j,0j,0j,0j
6.25,0j,0j,0j,(-0.05364498658787785+0.11418800677642504j),0j,(-0.3028747976016804+0.22019072706773943j),(-0.08547047316281646+0.006680930674896272j),0j,0j,(-0.15874771977157337+0.2971610541895176j),(0.13009599376606135-0.2936672150737832j),0j,(-0.08990136191231593+0.13334133993383504j),0j,0j,0j,0j,(-0.2705466625476617+0.22523219464712077j),(-0.18291159205845578-0.09847945920146065j),0j,(0.37341903679695665-0.004414854688446879j),0j,0j,0j,(-0.016954028152809317+0.15207816909952207j),0j,0j,0j,0j,0j,0j,0j,0j,(-0.08750470134899457+0.1501646078357658j),(0.1690561446169188+0.25164023073605724j),0j,(-0.11438371962826452-0.10330263007742521j),0j,0j,0j,(0.13022518110002712-0.2936359126905815j),0j,0j,0j,0j,0j,0j,0j,(-0.12000419870156709-0.02410225836190832j),0j,0j,0j,0j,0j,0j,0j,0j,0j,0j,0j,0j,0j,0j,0j
7.5,0j,0j,0j,(0.2828711537481452+0.22915451085527133j),0j,(-0.2836987798329198+0.021842476996047244j),(-0.004732214050256443+0.060300366940241865j),0j,0j,(-0.21941789275414594+0.18905448399072336j),(0.25272149438475805+0.05405798916950033j),0j,(-0.013748666192489503-0.1256491394672068j),0j,0j,0j,0j,(-0.25458925341002747+0.13010095530265472j),(0.3234927292243662-0.21454966976336148j),0j,(-0.003257339176047598+0.14153036087816917j),0j,0j,0j,(-0.02726873234580296-0.1208514718727074j),0j,0j,0j,0j,0j,0j,0j,0j,(0.3168075759246446+0.19500616518756914j),(-0.05876710519162913+0.035700512040194976j),0j,(0.32129150888994856-0.17530671030182357j),0j,0j,0j,(0.25298603564647837+0.05398450755992571j),0j,0j,0j,0j,0j,0j,0j,(-0.03648315101700938+0.05528895986003851j),0j,0j,0j,0j,0j,0j,0j,0j,0j,0j,0j,0j,0j,0j,0j
8.75,0j,0j,0j,(0.03729707492845683+0.10693206295135775j),0j,(0.033641996950875615-0.24590689234165042j),(0.009611458603520574+0.018950755449261204j),0j,0j,(-0.27759105986977095-0.09984258709549163j),(0.1003678861281812+0.2179638039978482j),0j,(-0.05260320923827484-0.1520211083437236j),0j,0j,0j,0j,(0.006040753562654775-0.18848791508210794j),(0.12869048123817817+0.044202973687593475j),0j,(-0.14541917292861734-0.3043584504507409j),0j,0j,0j,(-0.07466828031678918-0.14899897980892976j),0j,0j,0j,0j,0j,0j,0j,0j,(0.15082657162147906+0.13745645775938176j),(0.4418552961944477-0.5118790099646873j),0j,(0.03693142008905649+0.001398780099978072j),0j,0j,0j,(0.10046773067408801+0.2180057362447042j),0j,0j,0j,0j,0j,0j,0j,(-0.012348106451513265+0.031019653847034763j),0j,0j,0j,0j,0j,0j,0j,0j,0j,0j,0j,0j,0j,0j,0j
10.0,0j,0j,0j,(-0.00025919645813057834+0.282327851067j),0j,(0.04312581586264421+0.09818018871145451j),(-0.054699113999837616-0.10264456318575224j),0j,0j,(-0.09603547730168098+0.014847818003937682j),(0.4432714863079914+0.02794357916830563j),0j,(0.10681210570887367+0.011073135604238596j),0j,0j,0j,0j,(-0.028127272523078076+0.10242578117362504j),(-0.07154238282084155+0.15067210851322363j),0j,(-0.03232859948860275+0.2774867565752039j),0j,0j,0j,(0.09677111187908852+0.025503655656069213j),0j,0j,0j,0j,0j,0j,0j,0j,(0.001522069129292196+0.2400266110740922j),(-0.27345028192832344-0.35366559938103137j),0j,(-0.11939780233381979+0.24082916960911016j),0j,0j,0j,(0.4434761327565158+0.028062399129605516j),0j,0j,0j,0j,0j,0j,0j,(-0.008550084947389416-0.15033713200750243j),0j,0j,0j,0j,0j,0j,0j,0j,0j,0j,0j,0j,0j,0j,0j
11.25,0j,0j,0j,(-0.04831951635634338-0.19924780459305336j),0j,(0.09725934449695847-0.08395870989369353j),(0.0360163993867842+0.28416934855255893j),0j,0j,(-0.36335356062065177+0.24653887791380044j),(-0.04723129268810147-0.1044040113254275j),0j,(-0.2616656221036728+0.18871462873009534j),0j,0j,0j,0j,(0.18923684028908672-0.0391013285232903j),(0.024562828569845308+0.0017527797978588314j),0j,(0.2388895643755718-0.08074954848496059j),0j,0j,0j,(-0.22433474629674616+0.2483013540593294j),0j,0j,0j,0j,0j,0j,0j,0j,(-0.03428781275277483-0.2416953893476827j),(-0.35745869339637054+0.21501156347753783j),0j,(0.06462755114821842+0.04065664125963416j),0j,0j,0j,(-0.047415483055855516-0.10465893877777j),0j,0j,0j,0j,0j,0j,0j,(-0.01844305420226795+0.2879280318645745j),0j,0j,0j,0j,0j,0j,0j,0j,0j,0j,0j,0j,0j,0j,0j
12.5,0j,0j,0j,(-0.022042607418662888-0.061300227028184565j),0j,(-0.19192014437310476+0.05952321886084206j),(-0.1252575754152885+0.1750384589999585j),0j,0j,(0.35705829177859494-0.02362274892473231j),(-0.1835551404872307+0.042499590032268414j),0j,(0.002764067239943154-0.04184890121121246j),0j,0j,0j,0j,(-0.19504327811350292+0.022457318904249554j),(-0.059467621504609006+0.2427854823244265j),0j,(-0.3372535953351395+0.26569368363896445j),0j,0j,0j,(-0.040315522970952936-0.0770432342855173j),0j,0j,0j,0j,0j,0j,0j,0j,(0.052766101850307445+0.0022346342761507126j),(0.37186435441921406-0.42143051279500676j),0j,(-0.11768275441498405+0.17289490252375894j),0j,0j,0j,(-0.18348736340401578+0.04257541430724529j),0j,0j,0j,0j,0j,0j,0j,(-0.14200489093613755+0.18099916128726082j),0j,0j,0j,0j,0j,0j,0j,0j,0j,0j,0j,0j,0j,0j,0j
13.75,0j,0j,0j,(-0.24632616094921356+0.23192351160839625j),0j,(0.03308517360451098-0.06003924562052266j),(0.23349694623454953-0.08838341308222863j),0j,0j,(0.14945507645455539-0.2523351768244637j),(-0.10564901684593403-0.20611556468365516j),0j,(0.03728443197693356-0.1595976953995265j),0j,0j,0j,0j,(-0.05204826380996898-0.1316022326876406j),(0.04285704920107174+0.15156740450377318j),0j,(0.25842622766071544+0.18207736895315252j),0j,0j,0j,(0.029556568838925483-0.15548672147000558j),0j,0j,0j,0j,0j,0j,0j,0j,(-0.19088877317823047+0.2105590902264661j),(0.07770656557052939-0.525067323909406j),0j,(0.0025984616518887477+0.12849659286649706j),0j,0j,0j,(-0.10549183065621584-0.20595408026498813j),0j,0j,0j,0j,0j,0j,0j,(0.21828917663896602-0.04405941298250257j),0j,0j,0j,0j,0j,0j,0j,0j,0j,0j,0j,0j,0j,0j,0j
15.0,0j,0j,0j,(0.24645635222788603+0.057673465707235624j),0j,(0.07793046083679424-0.082124699465082j),(-0.042662367327109596+0.05118799627759741j),0j,0j,(0.020747458589935264+0.15993806565988064j),(-0.06482561662378993+0.3162129933087953j),0j,(-0.04405471640409722+0.10634209146706675j),0j,0j,0j,0j,(0.07300017087541488-0.05004244175142085j),(0.019519750225465503+0.1726872717756024j),0j,(0.4101734591991121-0.19756648520655912j),0j,0j,0j,(-0.0565438416471303+0.13224962078852961j),0j,0j,0j,0j,0j,0j,0j,0j,(0.313683816869064+0.06300916743782502j),(-0.1829614351144494-0.47595490666006723j),0j,(-0.08001231172873301+0.18764815961232725j),0j,0j,0j,(-0.06465472386736926+0.3161723863198491j),0j,0j,0j,0j,0j,0j,0j,(-0.010892977933173606+0.03116969395689901j),0j,0j,0j,0j,0j,0j,0j,0j,0j,0j,0j,0j,0j,0j,0j
16.25,0j,0j,0j,(-0.044334125966964955-0.1741986357697275j),0j,(0.12116207483186989+0.06205406354093495j),(0.1106645082409077+0.01538369117533877j),0j,0j,(0.13555365784830398+0.22324425667594025j),(-0.2735684439604682+0.10419514716670401j),0j,(0.2224106955166401-0.05697273632290338j),0j,0j,0j,0j,(0.20901312458866644+0.023118066056451454j),(0.007328901788481529-0.28452186682266245j),0j,(0.18620790027766954+0.36130389903640747j),0j,0j,0j,(0.17284827480886306-0.07765821345659184j),0j,0j,0j,0j,0j,0j,0j,0j,(-0.019081708732713767-0.11211010914303418j),(0.2370890952592055-0.32463226465907824j),0j,(-0.04661780122456375-0.3486785571849587j),0j,0j,0j,(-0.27362628811002104+0.104474910621581j),0j,0j,0j,0j,0j,0j,0j,(0.13902202903131533+0.017647425377739737j),0j,0j,0j,0j,0j,0j,0j,0j,0j,0j,0j,0j,0j,0j,0j
17.5,0j,0j,0j,(-0.3106723326891978+0.013979166733218251j),0j,(0.09751138448120078+0.05606699578128185j),(0.10101800403118612-0.004661546612220423j),0j,0j,(0.010798879828237823+0.4779136132889944j),(-0.28446408721691563-0.22588814388683914j),0j,(0.1707411822016034-0.05747784391633201j),0j,0j,0j,0j,(0.1702187531251747+0.0029498666549987347j),(-0.03646408241296528-0.12006088495136309j),0j,(-0.31552796206844264+0.07260471464389136j),0j,0j,0j,(0.1897088071346505-0.08095709801445201j),0j,0j,0j,0j,0j,0j,0j,0j,(-0.2927667722956511+0.023073861865573544j),(-0.21989736670439172-0.08777153758730093j),0j,(-0.019075927833556418-0.12808567397144105j),0j,0j,0j,(-0.28457055597045605-0.22564329046867793j),0j,0j,0j,0j,0j,0j,0j,(0.06625776037783354-0.005521361471262837j),0j,0j,0j,0j,0j,0j,0j,0j,0j,0j,0j,0j,0j,0j,0j
18.75,0j,0j,0j,(-0.14139567787591825+0.02249152175327839j),0j,(-0.26060792729828003+0.46996933324418666j),(0.1318113425938251-0.024448683268182007j),0j,0j,(-0.2545603370219815-0.16814839350612915j),(0.21905080374370084+0.019621901620546438j),0j,(-0.10308303776916827+0.01907042412981863j),0j,0j,0j,0j,(-0.2813652992408129+0.4582396953616472j),(-0.061700494396620634-0.06313636308499176j),0j,(0.02589298239323551-0.26076746414770324j),0j,0j,0j,(-0.09255326669651467+0.09269020739428857j),0j,0j,0j,0j,0j,0j,0j,0j,(-0.14689519395568507-0.015583168657804515j),(-0.19946154696245466-0.027153040140625327j),0j,(-0.06775627804074219-0.010504272553711128j),0j,0j,0j,(0.2191042267031162+0.019446589263479114j),0j,0j,0j,0j,0j,0j,0j,(0.14358743933028195-0.038617064411149364j),0j,0j,0j,0j,0j,0j,0j,0j,0j,0j,0j,0j,0j,0j,0j
20.0,0j,0j,0j,(0.3179097939724644-0.15266187914786972j),0j,(0.08331469848158612+0.35321436925918476j),(-0.11973806902240616-0.33351338107331713j),0j,0j,(0.12331436743195366-0.24334000941974618j),(-0.01541740197047924-0.15780420756403668j),0j,(-0.05518692259849595+0.17167107705761775j),0j,0j,0j,0j,(0.03602454967288214+0.3979453635122371j),(0.09294325627850061-0.031788885307912955j),0j,(-0.052806420028773726-0.181191494869218j),0j,0j,0j,(0.01563955067699742+0.1339280811818625j),0j,0j,0j,0j,0j,0j,0j,0j,(0.26038122512005424-0.18387871649684445j),(-0.11534556286679393-0.09103285761326121j),0j,(0.10141079054392407-0.01907106154314195j),0j,0j,0j,(-0.015584320466155203-0.15802246479516197j),0j,0j,0j,0j,0j,0j,0j,(-0.07087911215182335-0.31477914183101835j),0j,0j,0j,0j,0j,0j,0j,0j,0j,0j,0j,0j,0j,0j,0j
21.25,0j,0j,0j,(0.023886777347429413-0.15616255343286045j),0j,(-0.21261914745326876+0.27305796735054355j),(-0.2387035641381682+0.07704827468114593j),0j,0j,(0.2705664747590243+0.01033681253780656j),(-0.0543197547898493-0.15444318188202574j),0j,(-0.010991278423155754+0.2064116704126231j),0j,0j,0j,0j,(-0.20846124326398432+0.2570771108949103j),(-0.09404088471573106+0.194781121733615j),0j,(0.2671474452340088-0.18119576152503603j),0j,0j,0j,(-0.006261340454947542+0.16654794934348832j),0j,0j,0j,0j,0j,0j,0j,0j,(0.018466085946635888-0.17323053114940135j),(-0.3102904551841201-0.30604971771963163j),0j,(-0.11299905827046502+0.22691474742319667j),0j,0j,0j,(-0.05422671106347363-0.15459502937727776j),0j,0j,0j,0j,0j,0j,0j,(-0.21422027783820632+0.06265089426513154j),0j,0j,0j,0j,0j,0j,0j,0j,0j,0j,0j,0j,0j,0j,0j
22.5,0j,0j,0j,(0.04576780458301704+0.03243968107772206j),0j,(0.16477545662209098+0.2088118742576139j),(0.15830592400467391+0.11675967076819721j),0j,0j,(0.3336069640677006-0.22531287273756134j),(0.10230829333989001-0.2850481079363646j),0j,(-0.14712417984465787-0.12125403305286538j),0j,0j,0j,0j,(0.1279879955391105+0.13527759088332345j),(-0.16915273966039887+0.13045653918957834j),0j,(0.5067444989395815-0.22966779993725425j),0j,0j,0j,(-0.15969229715468075-0.02483917568292751j),0j,0j,0j,0j,0j,0j,0j,0j,(0.04210965401971436+0.024392925658624654j),(-0.13690947171157744+0.003519200534697847j),0j,(-0.13288867926169837+0.16041191433028293j),0j,0j,0j,(0.102415307525358-0.2853862881627683j),0j,0j,0j,0j,0j,0j,0j,(0.1260651698604729+0.09469841447200902j),0j,0j,0j,0j,0j,0j,0j,0j,0j,0j,0j,0j,0j,0j,0j
23.75,0j,0j,0j,(-0.14035166686197253+0.023886827804539573j),0j,(0.07684822552081999-0.03987791910683035j),(-0.030611916506179174+0.05425535521089536j),0j,0j,(-0.15489538448552392+0.2803358801258704j),(0.13820828012402447+0.18397909454871791j),0j,(0.37431599438706575+0.060338902496590116j),0j,0j,0j,0j,(0.09787696119962755-0.013980735469219484j),(0.17450666470828652+0.13022133186797777j),0j,(-0.346411252034372-0.45830523398959866j),0j,0j,0j,(0.3515212092633232-0.024072920921841545j),0j,0j,0j,0j,0j,0j,0j,0j,(-0.1177533073869756+0.044299082104456655j),(0.19835973777035235-0.11756128442351171j),0j,(0.13659263131091096+0.1228037436888604j),0j,0j,0j,(0.1381342412066369+0.18417126469344242j),0j,0j,0j,0j,0j,0j,0j,(-0.014848081459673937+0.04170493860072786j),0j,0j,0j,0j,0j,0j,0j,0j,0j,0j,0j,0j,0j,0j,0j
25.0,0j,0j,0j,(0.07178110037012803+0.11912659258943933j),0j,(-0.038706559907043345-0.18986542311127166j),(-0.07782626793068155+0.1459993521424827j),0j,0j,(-0.10925212550434288+0.09093343997180887j),(-0.024150110907064676-0.1687336519370417j),0j,(-0.0121169397633858+0.12745821703535296j),0j,0j,0j,0j,(-0.04028888788493376-0.13520269568925228j),(0.13557513571685942+0.12026614520977735j),0j,(-0.04675560638310003+0.7644813037396676j),0j,0j,0j,(0.021263878206690276+0.11211250688946142j),0j,0j,0j,0j,0j,0j,0j,0j,(0.11661858597345078+0.11174275095372334j),(-0.16321584912952697-0.21945599770210014j),0j,(0.12929856470347523+0.1376141796350627j),0j,0j,0j,(-0.024114961306782527-0.16855583678714556j),0j,0j,0j,0j,0j,0j,0j,(-0.11695817974488648+0.13595579274355735j),0j,0j,0j,0j,0j,0j,0j,0j,0j,0j,0j,0j,0j,0j,0j
26.25,0j,0j,0j,(0.10005085057616817+0.07541808270299485j),0j,(-0.14835573544510444-0.12106829985519907j),(0.14631513417743247-0.03679831529735012j),0j,0j,(0.12956027280292876+0.46445184304724396j),(-0.19148271866228497-0.03631485920020437j),0j,(-0.3196451895819142-0.12545426994478168j),0j,0j,0j,0j,(-0.08781211798133018-0.15497763625538014j),(-0.09125312987379118-0.08680265605596413j),0j,(0.24190215606416865-0.24762536629212767j),0j,0j,0j,(-0.33686705188528365-0.0471935294142547j),0j,0j,0j,0j,0j,0j,0j,0j,(0.07271951506441274+0.010537399684795713j),(-0.38249240476038726+0.18555611528355742j),0j,(-0.0634827781896995-0.06270195075131565j),0j,0j,0j,(-0.1914305342408339-0.036481678129333506j),0j,0j,0j,0j,0j,0j,0j,(0.14580623387726915+0.0037905076270283236j),0j,0j,0j,0j,0j,0j,0j,0j,0j,0j,0j,0j,0j,0j,0j
27.5,0j,0j,0j,(0.19241815247024552-0.03484757894528067j),0j,(0.06890681258738343-0.3110930284210459j),(-0.0665900425415026-0.08753562111556346j),0j,0j,(0.1542491026157394+0.40324812752159234j),(0.20420746667763806+0.06709698654037369j),0j,(-0.11513240444488429+0.19958179347160246j),0j,0j,0j,0j,(0.11169709997310542-0.30745216292069305j),(-0.06627255176993291-0.04182323525849859j),0j,(0.42016739631941413+0.08114584142948883j),0j,0j,0j,(-0.03807616663396417+0.25465994736577896j),0j,0j,0j,0j,0j,0j,0j,0j,(0.1612610376955027-0.034337660659940275j),(-0.20148272554660535+0.24732165912403187j),0j,(-0.04343308153725523+0.009242971521482561j),0j,0j,0j,(0.20432047110576002+0.06716789204206092j),0j,0j,0j,0j,0j,0j,0j,(-0.05865627010764424-0.13876199698045386j),0j,0j,0j,0j,0j,0j,0j,0j,0j,0j,0j,0j,0j,0j,0j
28.75,0j,0j,0j,(-0.006360189775157593+0.02006461666015599j),0j,(0.23833332931425885+0.09447124886689037j),(0.14434785366523084-0.2804885373471899j),0j,0j,(0.021411210776885813-0.08493318100851122j),(-0.23588979375689453+0.05330598378565235j),0j,(0.14321583858844425+0.15197439004575297j),0j,0j,0j,0j,(0.17412037940578268+0.09683392365015134j),(0.26212750961095566+0.13645464328014628j),0j,(-0.1608537776487904+0.16477889243019755j),0j,0j,0j,(0.17719461311192905+0.14372188362487065j),0j,0j,0j,0j,0j,0j,0j,0j,(-0.007421455631331127+0.04580557705789755j),(0.07517728582979635-0.5117890258880616j),0j,(0.1909949790324343+0.09761660453920504j),0j,0j,0j,(-0.236111531419602+0.053602042863815764j),0j,0j,0j,0j,0j,0j,0j,(0.21602384282315026-0.26724561287606685j),0j,0j,0j,0j,0j,0j,0j,0j,0j,0j,0j,0j,0j,0j,0j
30.0,0j,0j,0j,(0.11065118357723619-0.27542686179255943j),0j,(-0.18875206490358118+0.047733229676153344j),(0.22793036497769287-0.11931479122242669j),0j,0j,(-0.06621798206930088-0.03287180779411098j),(0.22710393239984403-0.21874431352549253j),0j,(-0.12118072873178609+0.1506669342204851j),0j,0j,0j,0j,(-0.149290694251544+0.027245630095988654j),(-0.0772416977810458-0.17040715489833086j),0j,(0.1364291660508993+0.18778870385225743j),0j,0j,0j,(-0.08010870886947255+0.21706841681743666j),0j,0j,0j,0j,0j,0j,0j,0j,(0.0055123760580064185-0.2886803946730123j),(0.28369114941241+0.35769486650519716j),0j,(-0.004915376501800181-0.17755209829589055j),0j,0j,0j,(0.22680464527988559-0.2188237061950051j),0j,0j,0j,0j,0j,0j,0j,(0.26007952675750934-0.098845027843782j),0j,0j,0j,0j,0j,0j,0j,0j,0j,0j,0j,0j,0j,0j,0j
31.25,0j,0j,0j,(-0.04749500653496452+0.018832977976237338j),0j,(0.4195688966839995+0.3033915990653415j),(0.006101583003240218+0.09361902147314054j),0j,0j,(0.37633348624988533+0.006313896812670711j),(-0.20229329781522853+0.0720012414575603j),0j,(0.019563242540124107-0.048275829497757224j),0j,0j,0j,0j,(0.4316885871811208+0.22828634609264628j),(-0.18069077633638558+0.004002639016112627j),0j,(0.045301354814861396-0.12467985748592454j),0j,0j,0j,(-0.007948524872508436-0.07120698583713235j),0j,0j,0j,0j,0j,0j,0j,0j,(-0.017241309939151437+0.06762692148603618j),(0.35431869848239916-0.0578243382672166j),0j,(-0.1969145083825979-0.06605215483418547j),0j,0j,0j,(-0.20234208977180862+0.07187924476574398j),0j,0j,0j,0j,0j,0j,0j,(-0.007356600212078911+0.11442631513663573j),0j,0j,0j,0j,0j,0j,0j,0j,0j,0j,0j,0j,0j,0j,0j
32.5,0j,0j,0j,(0.10436606433031953+0.2471847144091468j),0j,(-0.16636563047799005-0.03473627694138881j),(-0.054494611059268686+0.08504904600971104j),0j,0j,(-0.484530582742134+0.16167541518753525j),(0.35978193697157546+0.1512464197277536j),0j,(-0.0011156903174802807-0.16205421921465107j),0j,0j,0j,0j,(-0.19038719830174378+0.06789186523754853j),(0.14868882404389128+0.15064615845360194j),0j,(0.11755554546353422-0.08905569906904841j),0j,0j,0j,(-0.02973298267728692-0.13286881413342094j),0j,0j,0j,0j,0j,0j,0j,0j,(0.1671637150598625+0.24672028851575j),(0.019867541792261634-0.15529676059282999j),0j,(0.11009847768616421+0.19354357790626198j),0j,0j,0j,(0.3601075247956621+0.15126786399034586j),0j,0j,0j,0j,0j,0j,0j,(-0.07863976486536398+0.042798545139457786j),0j,0j,0j,0j,0j,0j,0j,0j,0j,0j,0j,0j,0j,0j,0j
33.75,0j,0j,0j,(0.06812151604979996-0.019458554841056616j),0j,(-0.09206346975803015+0.031112310300398478j),(0.06780814111872163-0.15281945233590916j),0j,0j,(-0.12008916497693917-0.14554010146383206j),(0.25005128595966775+0.31395481001416414j),0j,(-0.2130307637305039-0.23147229040728878j),0j,0j,0j,0j,(-0.10831015022568867+0.052959039240472704j),(0.08391671176694034-0.12484656011359493j),0j,(-0.1558626998421141-0.04869157591435251j),0j,0j,0j,(-0.25967126546585545-0.1765428838650563j),0j,0j,0j,0j,0j,0j,0j,0j,(0.14074921480371802-0.05839897599082214j),(0.13972696328914752-0.5068302312015732j),0j,(-0.019260414156761635-0.11085017642562509j),0j,0j,0j,(0.2501492290964159+0.314035236247199j),0j,0j,0j,0j,0j,0j,0j,(0.09810769215058811-0.128079577977246j),0j,0j,0j,0j,0j,0j,0j,0j,0j,0j,0j,0j,0j,0j,0j
35.0,0j,0j,0j,(-0.2573348453866465+0.07622021345742247j),0j,(-0.25957035531242456-0.10111276826059423j),(0.11275207097092427-0.15186828349239728j),0j,0j,(0.2831120988937764+0.14123706569006678j),(-0.09155530017009662+0.2918639521496604j),0j,(-0.06723898580505722+0.1116541464546273j),0j,0j,0j,0j,(-0.27588716051459866-0.18852225947672396j),(-0.0024271225274520216+0.10186653517477348j),0j,(-0.3033809493621452+0.06906351427363652j),0j,0j,0j,(-0.05127378814512304+0.09948569042824575j),0j,0j,0j,0j,0j,0j,0j,0j,(-0.21648122488324048+0.05744131483815746j),(0.239372733561634-0.3586768396477258j),0j,(-0.08409052388420682+0.06030878118824194j),0j,0j,0j,(-0.0917519960016494+0.2922081107574915j),0j,0j,0j,0j,0j,0j,0j,(0.153540684689508-0.09145658279822809j),0j,0j,0j,0j,0j,0j,0j,0j,0j,0j,0j,0j,0j,0j,0j
36.25,0j,0j,0j,(-0.23446208429348142+0.139551837154852j),0j,(0.042024302506353424-0.13918739793990467j),(0.0032400625633125096-0.14351542423285824j),0j,0j,(0.19302207983611697+0.3437333869579686j),(0.13422390680767526+0.05688686323615831j),0j,(0.21565912968486328+0.10870006928997865j),0j,0j,0j,0j,(0.050421444280788076-0.20918150129522728j),(-0.10352890563678697-0.012734043421269499j),0j,(-0.019382156634502788+0.008595143020036517j),0j,0j,0j,(0.24981167504796045+0.05968573071336776j),0j,0j,0j,0j,0j,0j,0j,0j,(-0.2763509772508461+0.1985549168051712j),(0.5592331909574063+0.20229916940256748j),0j,(-0.08505930153646929-0.06607328684158507j),0j,0j,0j,(0.1340854243719437+0.057137171256922775j),0j,0j,0j,0j,0j,0j,0j,(0.027274630337673515-0.14890697731365873j),0j,0j,0j,0j,0j,0j,0j,0j,0j,0j,0j,0j,0j,0j,0j
37.5,0j,0j,0j,(-0.018803954970029513+0.06727465681378414j),0j,(0.049274754103071944+0.055184182405483555j),(0.2670305833887143+0.02825628214111147j),0j,0j,(-0.0590907263975556-0.14903753352159288j),(0.01997991657507387+0.018365138495909733j),0j,(-0.08176862006626516+0.10805358603453868j),0j,0j,0j,0j,(-0.011429422064014799+0.03766755538407189j),(0.08278480856852137+0.3259583364504022j),0j,(0.42826477992034845+0.11169117879983884j),0j,0j,0j,(-0.05475803791410332+0.16270996416814718j),0j,0j,0j,0j,0j,0j,0j,0j,(0.034876290926301-0.015973800999480477j),(-0.41170079996869724-0.37815356852202475j),0j,(0.03271758705116337+0.3801977101134262j),0j,0j,0j,(0.020037031322508614+0.018553093389448765j),0j,0j,0j,0j,0j,0j,0j,(0.26283088536156485+0.057580119895572886j),0j,0j,0j,0j,0j,0j,0j,0j,0j,0j,0j,0j,0j,0j,0j
38.75,0j,0j,0j,(-0.0791613347538667-0.17760846999237265j),0j,(-0.04837481667007057+0.02820398920033164j),(0.1606704566912515+0.2302856573259175j),0j,0j,(0.2458648214132787+0.09481719072814941j),(0.08548642412382461-0.03642504030780588j),0j,(0.21485913078750787+0.12770587944471193j),0j,0j,0j,0j,(0.02725858240873067-0.023478055880769733j),(0.03667409783717821-0.09431582095472305j),0j,(-0.5787441540726501+0.35097885564442677j),0j,0j,0j,(0.22101871618172628+0.10246487249753236j),0j,0j,0j,0j,0j,0j,0j,0j,(-0.07261036091582411-0.16927507166469138j),(0.20247212240465703+0.1981210825082115j),0j,(0.06614972729351652-0.10915904394487679j),0j,0j,0j,(0.0851114056207907-0.03652760728654668j),0j,0j,0j,0j,0j,0j,0j,(0.12459565327236255+0.23680769052071457j),0j,0j,0j,0j,0j,0j,0j,0j,0j,0j,0j,0j,0j,0j,0j
40.0,0j,0j,0j,(0.1379236305196075+0.09105498176768549j),0j,(-0.019383845018581494+0.12026320379231914j),(-0.07094540004035571+0.019168169749010727j),0j,0j,(0.1546905114693922+0.14498914636110774j),(-0.31615566024095054+0.32472695810888597j),0j,(-0.16482083447722398-0.088611813004814j),0j,0j,0j,0j,(0.0018372105649939845+0.12522312187373558j),(0.03608481506433647-0.07723906299859007j),0j,(0.43083216806333663+0.2680323772368517j),0j,0j,0j,(-0.2422549637750896-0.06765956202652637j),0j,0j,0j,0j,0j,0j,0j,0j,(0.15820291495528943+0.11878447886612745j),(0.05109984104975446-0.24077368944816405j),0j,(-0.034853197262528425-0.12334997862997922j),0j,0j,0j,(-0.3160598468752207+0.3248777820803606j),0j,0j,0j,0j,0j,0j,0j,(-0.020487380968529333+0.03728396159915472j),0j,0j,0j,0j,0j,0j,0j,0j,0j,0j,0j,0j,0j,0j,0j
41.25,0j,0j,0j,(0.04640448664040947+0.11833429569321105j),0j,(-0.22923660412583602+0.04803914704849547j),(-0.0619963011815027-0.147806814747029j),0j,0j,(0.08185219344414023-0.5393665378951412j),(0.15047069121169757+0.13309248332489299j),0j,(-0.09748075958999144-0.02368050487848239j),0j,0j,0j,0j,(-0.33292373213237836+0.02746063305693206j),(-0.1910653264608768+0.025962922698477914j),0j,(0.054070514283277984-0.30024065817713663j),0j,0j,0j,(-0.06477853149171213-0.023087135708162027j),0j,0j,0j,0j,0j,0j,0j,0j,(0.020178972197055244+0.05987993106177593j),(-0.280516965119805+0.3577643604916665j),0j,(-0.16290385407789598+0.07995053458210233j),0j,0j,0j,(0.15075914076684757+0.13302075774475614j),0j,0j,0j,0j,0j,0j,0j,(-0.06380144945049712-0.1434952833313915j),0j,0j,0j,0j,0j,0j,0j,0j,0j,0j,0j,0j,0j,0j,0j
42.5,0j,0j,0j,(-0.40541160935579834+0.05517876689459068j),0j,(0.3434602431245612+0.04907613957698752j),(-0.03967958329596009-0.07431336666056566j),0j,0j,(-0.20312603524783956+0.23384889557503558j),(-0.06713650769018464-0.13334653097539328j),0j,(0.07191884597528769-0.043914642323334016j),0j,0j,0j,0j,(0.378310620463714+0.01836528220894198j),(-0.09488471055796403-0.2226259393199969j),0j,(-0.21338586010050792+0.16789808199262865j),0j,0j,0j,(0.09956487623489246-0.028370275099965793j),0j,0j,0j,0j,0j,0j,0j,0j,(-0.39691419013164514+0.09298618906153741j),(-0.15243675260463427-0.10414391023853067j),0j,(-0.09113253931297312-0.21170880449123602j),0j,0j,0j,(-0.06728145613155989-0.13316489589904196j),0j,0j,0j,0j,0j,0j,0j,(-0.05142106549884354-0.12259166823161358j),0j,0j,0j,0j,0j,0j,0j,0j,0j,0j,0j,0j,0j,0j,0j
43.75,0j,0j,0j,(-0.2263753769757707+0.007959111486849836j),0j,(-0.39250657043030734+0.28033644486045595j),(0.154722251713089-0.06394761855236572j),0j,0j,(0.06376624025364727+0.012755624173443253j),(0.10191671554274992-0.15380509406986057j),0j,(-0.16603523763857123+0.08720984806058575j),0j,0j,0j,0j,(-0.41928740841233747+0.22660481930341284j),(0.020825676989337003+0.1549246421125076j),0j,(0.07713647845158977-0.36032485803351644j),0j,0j,0j,(-0.12039672089486202+0.16285228766260235j),0j,0j,0j,0j,0j,0j,0j,0j,(-0.23040887238394628-0.020800551480172444j),(-0.13118091347523514-0.13526307043013064j),0j,(0.023006871637260062+0.18432489761045817j),0j,0j,0j,(0.1020418220686627-0.15379741485223003j),0j,0j,0j,0j,0j,0j,0j,(0.15648715355135442-0.06399513790803413j),0j,0j,0j,0j,0j,0j,0j,0j,0j,0j,0j,0j,0j,0j,0j
45.0,0j,0j,0j,(0.26369680965730385-0.05662488879072526j),0j,(0.1247501416650761+0.21914790603626708j),(-0.13292983932671418-0.1359627039041091j),0j,0j,(0.1734441315493533-0.10307428431798846j),(-0.04039001510567056-0.31980897614626763j),0j,(-0.057096313722222555+0.2633954354784567j),0j,0j,0j,0j,(0.09139456931788673+0.24371701168811927j),(-0.0255946366014691+0.09403296832552539j),0j,(0.10798207283411003-0.41271769742663467j),0j,0j,0j,(0.03693253676233884+0.21953311297316322j),0j,0j,0j,0j,0j,0j,0j,0j,(0.2581494745681195-0.048311909067330065j),(0.1281733362607793-0.2705847931303463j),0j,(-0.019299844105317356+0.07285008508830211j),0j,0j,0j,(-0.0402348823820786-0.32012986524851583j),0j,0j,0j,0j,0j,0j,0j,(-0.1336896434035993-0.12321630349662607j),0j,0j,0j,0j,0j,0j,0j,0j,0j,0j,0j,0j,0j,0j,0j
46.25,0j,0j,0j,(0.2323384436293298-0.015050324886095546j),0j,(-0.35905560781675294-0.11305092277837706j),(-0.1304041475714849-0.1597247030055529j),0j,0j,(0.0919152168370847+0.17378634888038846j),(0.10740761862652667-0.004126331396284195j),0j,(-0.1803365339702028-0.04428213643491603j),0j,0j,0j,0j,(-0.306829172988911-0.070962318308323j),(0.07483020509487198-0.3627713494043634j),0j,(0.06606971993963007+0.3550391710470294j),0j,0j,0j,(-0.1658627864254007-0.05605420828576242j),0j,0j,0j,0j,0j,0j,0j,0j,(0.24014956475429386-0.03588013825387091j),(0.12963442208915243-0.14858868588887433j),0j,(0.056892455746918355-0.3655263779791052j),0j,0j,0j,(0.10758531346109258-0.004071607295465244j),0j,0j,0j,0j,0j,0j,0j,(-0.12055599906372463-0.13645849700417123j),0j,0j,0j,0j,0j,0j,0j,0j,0j,0j,0j,0j,0j,0j,0j
47.5,0j,0j,0j,(-0.1369662229041314-0.0037506755582012996j),0j,(0.016786298824708862-0.3094235537506883j),(-0.2503067138209111-0.03054575791236505j),0j,0j,(-0.45934884396453035+0.1625048907436535j),(0.014783747001225228+0.21676536890237716j),0j,(-0.010240295167264782+0.12777194765662173j),0j,0j,0j,0j,(0.027023171566029444-0.2213390571293693j),(0.13288416516432616+0.0438309916023162j),0j,(-0.3847912191022758-0.09596705685343976j),0j,0j,0j,(0.0176526271972143+0.07204520446317042j),0j,0j,0j,0j,0j,0j,0j,0j,(-0.07811580779056818+0.03703341899421919j),(0.27881458507817053-0.30004337499558364j),0j,(0.06804724573395365+0.010814328567988495j),0j,0j,0j,(0.014607118867589503+0.21683321509651207j),0j,0j,0j,0j,0j,0j,0j,(-0.24456483449866057-0.038292110039473304j),0j,0j,0j,0j,0j,0j,0j,0j,0j,0j,0j,0j,0j,0j,0j
48.75,0j,0j,0j,(-0.052993500147282144+0.24310173418179412j),0j,(0.17440414251714-0.0550531823134594j),(0.04779282784368675+0.021095398056000345j),0j,0j,(-0.08273251423099345+0.03240771738907308j),(0.43213839506638385-0.02169416851701339j),0j,(0.16166993346040898-0.2418264217531119j),0j,0j,0j,0j,(0.15879910830752994-0.06372970028348408j),(-0.048305678816214406-0.10473995663093155j),0j,(-0.39104476871133115+0.12431535820227202j),0j,0j,0j,(0.09760605021519578-0.22116680988902368j),0j,0j,0j,0j,0j,0j,0j,0j,(-0.021532969124248923+0.23030558495598957j),(0.009241474433748814-0.31434911164375906j),0j,(-0.08500038785197728-0.051587547504665265j),0j,0j,0j,(0.4321835154052748-0.021578402671581936j),0j,0j,0j,0j,0j,0j,0j,(0.05365814908830173-0.019407737523832153j),0j,0j,0j,0j,0j,0j,0j,0j,0j,0j,0j,0j,0j,0j,0j
50.0,0j,0j,0j,(-0.11119798140798152+0.024630228126539457j),0j,(-0.08051408304282581+0.012211395991828647j),(0.20033132854279934-0.09216511399715255j),0j,0j,(0.4049947313495831+0.04121021595504417j),(-0.10594721735160602-0.009863959371091907j),0j,(0.04381708652312482+0.005114511306991387j),0j,0j,0j,0j,(-0.07413148606576897-0.08055097607981171j),(-0.013586972892878472-0.08579718415749714j),0j,(-0.07735634218787915-0.7629551513740965j),0j,0j,0j,(0.05618487923122571+0.002533245431496535j),0j,0j,0j,0j,0j,0j,0j,0j,(-0.14053386806676235+0.015030441065816656j),(0.14444322624943487+0.17462887023667123j),0j,(0.009590257996150361-0.11726860595704224j),0j,0j,0j,(-0.1059199765174209-0.009930582591158307j),0j,0j,0j,0j,0j,0j,0j,(0.20719295981453498-0.05079154939071914j),0j,0j,0j,0j,0j,0j,0j,0j,0j,0j,0j,0j,0j,0j,0j
