,0,1,2,3,4,5,6,7,8,9,10,11,12,13,14,15,16,17,18,19,20,21,22,23,24,25,26,27,28,29,30,31,32,33,34,35,36,37,38,39,40,41,42,43,44,45,46,47,48,49,50,51,52,53,54,55,56,57,58,59,60,61,62,63,64,65,66,67,68,69,70,71,72,73,74,75,76,77,78,79,80,81,82,83,84,85,86,87,88,89,90,91,92,93,94,95,96,97,98,99,100,101,102,103,104,105,106,107,108,109,110,111,112,113,114,115,116,117,118,119,120,121,122,123,124,125,126,127
0.0,0j,0j,0j,0j,0j,0j,0j,0j,0j,0j,0j,0j,0j,0j,0j,0j,0j,0j,0j,0j,0j,0j,0j,0j,0j,0j,0j,0j,0j,0j,0j,0j,0j,0j,0j,0j,0j,0j,0j,0j,0j,(1+0j),0j,0j,0j,0j,0j,0j,0j,0j,0j,0j,0j,0j,0j,0j,0j,0j,0j,0j,0j,0j,0j,0j,0j,0j,0j,0j,0j,0j,0j,0j,0j,0j,0j,0j,0j,0j,0j,0j,0j,0j,0j,0j,0j,0j,0j,0j,0j,0j,0j,0j,0j,0j,0j,0j,0j,0j,0j,0j,0j,0j,0j,0j,0j,0j,0j,0j,0j,0j,0j,0j,0j,0j,0j,0j,0j,0j,0j,0j,0j,0j,0j,0j,0j,0j,0j,0j
2.5,0j,0j,0j,0j,0j,0j,0j,(-0.14951430188302658-0.04180207212365137j),0j,0j,0j,(-0.03144373037374136-0.005657017590117164j),0j,(-0.05388191123695539+0.0020669321343901315j),(-0.10286977423332-0.04241764109712786j),0j,0j,0j,0j,(-0.022211779011721406-0.07217010159607123j),0j,(-0.07137931530621486-0.1463169799402956j),(0.18179375297203984+0.036710477062273386j),0j,0j,(0.10857126030430328-0.05662965058555204j),(0.03960296344724198+0.0004054919994491424j),0j,(0.005477418604821996-0.12572620634365442j),0j,0j,0j,0j,0j,0j,(-0.05180833372706173-0.024438497028529127j),0j,(0.025368935177422655+0.2514067377417212j),(0.13836689966071178-0.12252690392196822j),0j,0j,(0.03338245932317228-0.05040173470618044j),(0.026280076646101394+0.22212030875708882j),0j,(-0.0203475399908105-0.0463814652977496j),0j,0j,0j,0j,(0.021216692693782+0.05183704051243378j),(-0.16457775720576306+0.091675900491835j),0j,(-0.06211179613442672-0.0791181176148029j),0j,0j,0j,(-0.002561527614564095-0.08534770555185427j),0j,0j,0j,0j,0j,0j,0j,0j,0j,0j,(-0.04076700069556474-0.15207285398061748j),0j,(0.035373970758637074+0.00033177909740373j),(0.2390085886633288-0.042703291624316256j),0j,0j,(0.09905495503957357-0.12446409462053562j),(-0.10063960804205477-0.12271274406484453j),0j,(-0.01911690149618987-0.0958887526658754j),0j,0j,0j,0j,(-0.08761959038754792+0.175180767901372j),(0.19437401171944602-0.17506888304871965j),0j,(0.2114565456891005-0.19119983552789244j),0j,0j,0j,(-0.09856966224868702+0.12504095475345162j),0j,0j,0j,0j,0j,0j,0j,0j,(-0.011916458032731295-0.12208713762072053j),(-0.06018830803228132-0.16500866121432958j),0j,(-0.15513830718482285+0.05027625947635463j),0j,0j,0j,(-0.0052546121195337775+0.10160307527008308j),0j,0j,0j,0j,0j,0j,0j,(0.32298089532514457-0.31842747730733123j),0j,0j,0j,0j,0j,0j,0j,0j,0j,0j,0j,0j,0j,0j,0j
5.0,0j,0j,0j,0j,0j,0j,0j,(0.08624925464521964-0.016219941173769153j),0j,0j,0j,(0.1023632785387131+0.22087444561192543j),0j,(0.0667597170380555+0.14381126361259183j),(0.054568988408282254-0.01217522354684188j),0j,0j,0j,0j,(0.18974904930277733+0.029277643500199596j),0j,(0.02475896632544003-0.32318594757179764j),(0.10239444298913002-0.1597733093103383j),0j,0j,(0.15307378317674425-0.044008313372434535j),(-0.0930490704655427-0.10363157067697834j),0j,(0.0018332684490810248+0.027070719597911568j),0j,0j,0j,0j,0j,0j,(0.0488240976128273+0.13061165311814515j),0j,(0.12559044770210573-0.08546351378584063j),(-0.22710018348508995+0.1303593277126088j),0j,0j,(0.14970979403953225+0.12148961352607614j),(0.1446366762619213-0.06366168587970839j),0j,(0.03986655624751324+0.19920455463451997j),0j,0j,0j,0j,(-0.022584649630715645+0.03480298732522588j),(-0.10197426689355459+0.06748259495473605j),0j,(0.026512380439159232-0.10806422827202422j),0j,0j,0j,(0.15805816848957566-0.06401345161299307j),0j,0j,0j,0j,0j,0j,0j,0j,0j,0j,(0.010604253527324067+0.09806088466307072j),0j,(-0.0985177811696562-0.15228665513800596j),(0.0857268726708352-0.174684265342943j),0j,0j,(0.06005524137809068-0.11528022906454731j),(-0.027516573075953343-0.3163678544869388j),0j,(0.13603350736576486-0.030621219868869495j),0j,0j,0j,0j,(0.0027536364242866096+0.11616040674359848j),(0.09660266385105094+0.04921426461663296j),0j,(0.12616861481999742+0.05715074174714878j),0j,0j,0j,(0.02811059954503473+0.08864205090170306j),0j,0j,0j,0j,0j,0j,0j,0j,(0.18900507822021442-0.03732742633102727j),(0.14037280944062747-0.10195303968843533j),0j,(-0.08168453256421468+0.08582808725898772j),0j,0j,0j,(-0.1041407890529065+0.046120548336367556j),0j,0j,0j,0j,0j,0j,0j,(-0.14558489844073466+0.15002900472377004j),0j,0j,0j,0j,0j,0j,0j,0j,0j,0j,0j,0j,0j,0j,0j
7.5,0j,0j,0j,0j,0j,0j,0j,(-0.1732080818537466-0.0601501026323425j),0j,0j,0j,(-0.014579518204298385-0.03606670319956853j),0j,(-0.09278356238603103-0.004557618500689677j),(-0.11683932918923533-0.061394225939496366j),0j,0j,0j,0j,(-0.03187348536064167+0.06366262968947656j),0j,(-0.12437407610616014-0.1764062404229821j),(0.13269089629198622+0.0007575030198142124j),0j,0j,(-0.2591206251790552+0.007035563064312383j),(0.12214587267323666+0.029947650978149956j),0j,(-0.2028781242678654+0.04999925987443593j),0j,0j,0j,0j,0j,0j,(-0.15056780432205394-0.13248759758104167j),0j,(-0.0014277287839343442+0.031128416360210596j),(0.3213521407749454-0.08045887039091257j),0j,0j,(-0.0004241131882710171-0.06083117453510113j),(-0.07043531977577604-0.07070966842239731j),0j,(-0.052254988886937775-0.1180419342383538j),0j,0j,0j,0j,(-0.17807831400435803+0.06207839899784987j),(-0.12257516733091679+0.0007296570906182229j),0j,(-0.07384203151621224+0.030269113447720698j),0j,0j,0j,(0.14651758636939316+0.020422638684407662j),0j,0j,0j,0j,0j,0j,0j,0j,0j,0j,(-0.18824166186283742+0.04523829729978564j),0j,(0.18891551417910157-0.06381644076242153j),(0.2399233122923145+0.05353212473990218j),0j,0j,(-0.29545227972981286+0.033414037870625385j),(-0.1493949422037229-0.18014843714446838j),0j,(-0.04476975979553447+0.029310540801850728j),0j,0j,0j,0j,(0.24445215305695933-0.013573161219582741j),(0.11369073347797537-0.07132325523194108j),0j,(0.10509415065724212-0.08240533227599668j),0j,0j,0j,(0.139250097613002-0.06015894254441071j),0j,0j,0j,0j,0j,0j,0j,0j,(0.14433131439549424-0.01048630630435926j),(-0.0677588145526407-0.04229930949188561j),0j,(0.010761658751189973-0.027712431469778746j),0j,0j,0j,(-0.15443119723925322+0.04203447618989437j),0j,0j,0j,0j,0j,0j,0j,(-0.11913212982496789+0.11067591955379746j),0j,0j,0j,0j,0j,0j,0j,0j,0j,0j,0j,0j,0j,0j,0j
10.0,0j,0j,0j,0j,0j,0j,0j,(0.13721842550738608-0.051853792107638096j),0j,0j,0j,(-0.18815708230895195+0.2939835026863397j),0j,(-0.08736304162740449+0.24723217380910753j),(0.11257584034496797-0.06147013248267054j),0j,0j,0j,0j,(0.048452762903324655+0.13447927322287365j),0j,(0.25654695254449794-0.09506158352891927j),(0.17378808012801597-0.027232043221114548j),0j,0j,(-0.11538516049804162-0.12388653304025457j),(0.05901847446226853-0.007828475931717153j),0j,(0.17855376716086774+0.03887044619530316j),0j,0j,0j,0j,0j,0j,(0.047857546058374+0.0274447887590763j),0j,(-0.03621537472799613-0.03130595907704057j),(0.09515471553863798+0.09189015011389678j),0j,0j,(0.025426557521457338-0.23262772072118906j),(-0.04486460394119387-0.025358096219328646j),0j,(-0.009350429922217376+0.06648786712831832j),0j,0j,0j,0j,(0.016686889043962254+0.04226565131038535j),(0.15853877526638605+0.006505157596872084j),0j,(-0.0067537562761136455-0.10329938321434733j),0j,0j,0j,(-0.07752764286644588-0.11895115036511748j),0j,0j,0j,0j,0j,0j,0j,0j,0j,0j,(-0.0023690994927927436+0.10834136445047639j),0j,(0.26968215196588463-0.08467088982270557j),(0.05767623152289883-0.10406466152599432j),0j,0j,(0.026437182412795475-0.023958622630841635j),(0.2981709908175541-0.17351284258289273j),0j,(0.07720017188834546+0.07743547336664697j),0j,0j,0j,0j,(0.08737226705143802+0.0031294116461927854j),(-0.1525278300564155+0.037934507046293295j),0j,(-0.10736234817012763+0.024817735447742618j),0j,0j,0j,(0.1648594313734289-0.005101253724043096j),0j,0j,0j,0j,0j,0j,0j,0j,(-0.06914462244564742-0.1703489100926333j),(-0.02732399079011776-0.028885762869046913j),0j,(0.08907303026476153+0.04900325538992605j),0j,0j,0j,(0.015474668465940603+0.02125114907263683j),0j,0j,0j,0j,0j,0j,0j,(0.2758869817808932-0.0669739592773319j),0j,0j,0j,0j,0j,0j,0j,0j,0j,0j,0j,0j,0j,0j,0j
12.5,0j,0j,0j,0j,0j,0j,0j,(-0.0982986229036713+0.048017215421146356j),0j,0j,0j,(-0.020740946251392105+0.12181420681564696j),0j,(-0.10523891856541875+0.1187947262261096j),(-0.007131366039115697-0.05111317379452836j),0j,0j,0j,0j,(0.08367666163807273-0.1257578750390185j),0j,(0.16084467002196481+0.22964087661849508j),(-0.1524537379074446-0.020696929949641715j),0j,0j,(0.050492559749975734+0.057629372372933856j),(0.007636008907143577-0.03152267496377183j),0j,(-0.022513768956578136-0.040875483970874614j),0j,0j,0j,0j,0j,0j,(0.10551503549808888+0.1654527397722474j),0j,(-0.185258614942615+0.011750568666164446j),(0.022995549109203584-0.028314915008251153j),0j,0j,(0.10147995068778382+0.09126017198396166j),(-0.4005618773214209+0.1607361865930393j),0j,(0.1540504537341838+0.05128235798252663j),0j,0j,0j,0j,(-0.15232007692650074+0.1416711129551892j),(0.04253225439371991+0.0489418510169071j),0j,(0.05401730259168338+0.08347215871673451j),0j,0j,0j,(0.03653263926560644+0.06868461970478093j),0j,0j,0j,0j,0j,0j,0j,0j,0j,0j,(-0.019842225043049215-0.04006714421593953j),0j,(-0.06532166451927468-0.1058332066835587j),(0.02892909612720751-0.248380994658215j),0j,0j,(0.07524397069422484+0.1556669182312096j),(0.16241879799217324+0.18261609481826638j),0j,(0.04189299809515319-0.10682471727502246j),0j,0j,0j,0j,(0.023064994384453884+0.0242903895633731j),(0.23577919556734492-0.0563788363566675j),0j,(0.22542906575795915-0.037141791556583675j),0j,0j,0j,(-0.04487609135963376+0.09220935145033815j),0j,0j,0j,0j,0j,0j,0j,0j,(0.02749540523994048+0.05349449447090558j),(0.03215841416068651+0.05098355409927594j),0j,(0.06198948774017522-0.05892464774440298j),0j,0j,0j,(-0.23434421178966935+0.19513529701563292j),0j,0j,0j,0j,0j,0j,0j,(0.08006016797716295-0.14956673048915525j),0j,0j,0j,0j,0j,0j,0j,0j,0j,0j,0j,0j,0j,0j,0j
15.0,0j,0j,0j,0j,0j,0j,0j,(0.1112434709150032+0.07187133222796833j),0j,0j,0j,(0.09211917156318152+0.0521456034881513j),0j,(-0.035687199984197164-0.11105066742411863j),(0.09040451618220113+0.10471010560422504j),0j,0j,0j,0j,(0.02422417037121427+0.21590567620688944j),0j,(0.03882724260092167-0.06515819986877566j),(-0.1304164771085562-0.007413432332433675j),0j,0j,(0.08307923092217898+0.18444566649988256j),(0.17423932089392113+0.015166907222928988j),0j,(-0.0959938845483902-0.0790791776451839j),0j,0j,0j,0j,0j,0j,(0.07881624477040557+0.06177546266959827j),0j,(-0.06859050286784776+0.03415067946068272j),(0.07533471913258918-0.10393836763963335j),0j,0j,(0.3788160759241026+0.28663960242472797j),(-0.004227749218549064-0.0041540236806534335j),0j,(0.10548253764018663+0.12888816149370033j),0j,0j,0j,0j,(-0.016317943253720796+0.04342625456643301j),(-0.2920799703567408-0.11331471211904094j),0j,(-0.16379337483740067+0.10566749677349759j),0j,0j,0j,(0.08044407600150152+0.11747515144942623j),0j,0j,0j,0j,0j,0j,0j,0j,0j,0j,(0.05617275949591314+0.12261078980859323j),0j,(-0.04906486318591103-0.14513396935318523j),(-0.06902155600845511+0.07526822413547984j),0j,0j,(-0.1372859714754411+0.05206042888262999j),(-0.015147014457705962-0.040345466875301404j),0j,(-0.023826283223641193+0.1292944851664952j),0j,0j,0j,0j,(-0.1537568697489929+0.04536595980273516j),(-0.16053868303918872+0.025857180073954864j),0j,(-0.2000458240091677-0.0287962613547134j),0j,0j,0j,(-0.11167355640691388+0.009065712616241402j),0j,0j,0j,0j,0j,0j,0j,0j,(0.0352050669479429+0.20831509541516902j),(-0.12398602530110467+0.08756851829478994j),0j,(-0.2251999264163983-0.05405624553002199j),0j,0j,0j,(-0.1244926359084638+0.04365473334864303j),0j,0j,0j,0j,0j,0j,0j,(-0.0042003242050014005+0.008010322239314542j),0j,0j,0j,0j,0j,0j,0j,0j,0j,0j,0j,0j,0j,0j,0j
17.5,0j,0j,0j,0j,0j,0j,0j,(0.006720412448829057+0.01210084484019763j),0j,0j,0j,(0.11897124859126891+0.08904631247361448j),0j,(-0.058134804567776685+0.21020658056855035j),(0.11750545718835036-0.08897383182977397j),0j,0j,0j,0j,(-0.12462761386503343-0.06900544942144834j),0j,(-0.04563255371991662-0.013784838968104621j),(0.1774244180255487-0.06036512323533651j),0j,0j,(0.13882115936352335-0.17910072349236944j),(0.0922797691646638+0.084423471711624j),0j,(-0.00960958467310423-0.08243914911900728j),0j,0j,0j,0j,0j,0j,(-0.057909106232808816+0.03608667067207599j),0j,(0.19836229465016966-0.03436212193171949j),(0.10532583275749985+0.16878502272533966j),0j,0j,(0.07186470709750524+0.04652752078650292j),(-0.0952937850959593+0.02757057591195489j),0j,(0.12798543441890037-0.16203138145539595j),0j,0j,0j,0j,(0.11083249231167298+0.04411434924050553j),(-0.11484822170642746+0.1869262987448016j),0j,(-0.00795614953265917+0.07912735769566207j),0j,0j,0j,(0.07344109757346938+0.22947322702221967j),0j,0j,0j,0j,0j,0j,0j,0j,0j,0j,(0.008748217627945106+0.021852722218330452j),0j,(0.15525103197533918+0.007502569525572253j),(0.3260478479344231-0.22313073220458673j),0j,0j,(-0.0077268031114117175-0.20861694343943754j),(-0.031441224690760765-0.014456350969223262j),0j,(-0.1489281567756593-0.07790410744234326j),0j,0j,0j,0j,(0.1050859488188655+0.1509903007072615j),(0.1446299672210231-0.15292633125747454j),0j,(0.08148909285411159-0.1880069060347315j),0j,0j,0j,(-0.09478457998633825+0.06524624313040589j),0j,0j,0j,0j,0j,0j,0j,0j,(-0.017493236665938217+0.2207136264045205j),(-0.058288628998904836+0.09483760785743808j),0j,(0.03287728052789754+0.09566065702213593j),0j,0j,0j,(0.1014194786949199+0.09442327729355475j),0j,0j,0j,0j,0j,0j,0j,(0.023247659548218544-0.16420243411215127j),0j,0j,0j,0j,0j,0j,0j,0j,0j,0j,0j,0j,0j,0j,0j
20.0,0j,0j,0j,0j,0j,0j,0j,(-0.03597470576069022-0.0890510035531254j),0j,0j,0j,(0.339223749618423+0.1782673102829892j),0j,(0.11774842833912064+0.11841691911127158j),(-0.05147823594221866-0.07872457201511689j),0j,0j,0j,0j,(0.2569828095349977-0.08039804591413723j),0j,(0.05543029132733376-0.009017160812008873j),(0.06310769597535155-0.06637899037334968j),0j,0j,(0.05376811330690255-0.12564142731709974j),(0.15777425631619255+0.2003949248585391j),0j,(-0.08853219342111468-0.053535576557973884j),0j,0j,0j,0j,0j,0j,(0.046305332728453906-0.12094697523756322j),0j,(-0.052245710424691574+0.0013670691808822075j),(0.06857326311543151+0.10837947121480897j),0j,0j,(0.26666195588432334+0.1510425248914979j),(0.006568467101094803-0.04631335439679162j),0j,(0.24541386818965036+0.012192566935787874j),0j,0j,0j,0j,(-0.01061546463448862+0.04593455290965221j),(0.1004959439202508+0.13638876049420134j),0j,(-0.062453355539366484-0.054995582440517596j),0j,0j,0j,(-0.0653957217535812-0.19663613814294223j),0j,0j,0j,0j,0j,0j,0j,0j,0j,0j,(0.12097492497112376+0.14330315314832823j),0j,(-0.08565009811722962-0.03665065377059344j),(-0.08364701333212954+0.07934108304888621j),0j,0j,(-0.19822050420911091-0.196354921942188j),(0.07652172844440608+0.00038309792745186335j),0j,(0.19340830887285684-0.05519853966109178j),0j,0j,0j,0j,(-0.07918781308656946-0.010428832587271147j),(0.007975039699654714+0.06049086444452427j),0j,(-0.06424189884932735-0.00019657314719156212j),0j,0j,0j,(-0.0051515607431676805-0.04765508862011586j),0j,0j,0j,0j,0j,0j,0j,0j,(-0.05266775373822674-0.21686265973955454j),(-0.009240348084954697+0.03283665016240037j),0j,(0.14273014751523505+0.2357691315144885j),0j,0j,0j,(-0.077728822988651+0.10852580057546285j),0j,0j,0j,0j,0j,0j,0j,(0.06818303156570697+0.09088992864533335j),0j,0j,0j,0j,0j,0j,0j,0j,0j,0j,0j,0j,0j,0j,0j
22.5,0j,0j,0j,0j,0j,0j,0j,(0.06615234073095426-0.03837696061498988j),0j,0j,0j,(0.012214419354013632+0.0049683718421622315j),0j,(0.04235654380051334+0.03740555841598574j),(0.18459678417246153+0.035650993316145754j),0j,0j,0j,0j,(-0.16053553602040593+0.07748679423293278j),0j,(-0.06607373913956832-0.171107994426216j),(0.14753246567120074-0.020228738739543263j),0j,0j,(-0.03622287975436999+0.11244114073703444j),(0.12198224278822534+0.08082301991176019j),0j,(0.060205693662072374+0.03514090623455605j),0j,0j,0j,0j,0j,0j,(-0.1750493045033899-0.236678945316891j),0j,(-0.054084292810009774+0.29716504874148153j),(0.22892898004167783+0.08735899890072815j),0j,0j,(0.08157119017098949-0.07738061543914816j),(-0.12929197489809657-0.03828504362013172j),0j,(0.1057151031900235-0.054751098431995916j),0j,0j,0j,0j,(0.16413270352441867+0.15130528801522006j),(-0.07971518741060382-0.0899674229324562j),0j,(0.08079891892463953-0.09769149673051054j),0j,0j,0j,(0.19958158819751495-0.08437412714608039j),0j,0j,0j,0j,0j,0j,0j,0j,0j,0j,(-0.04140406689265192+0.04153872052120061j),0j,(0.25722625367220137-0.026116080195874303j),(0.18331413904531085+0.25260403606164034j),0j,0j,(-0.034747013825402906-0.060969882813354595j),(-0.07415025845235727-0.16321818089838339j),0j,(-0.034067878744839325+0.06892239462282682j),0j,0j,0j,0j,(0.007541085048868603-0.014266971548890334j),(0.12024351255067958+0.09617263895621933j),0j,(0.13082914193563452-0.013359746962202532j),0j,0j,0j,(0.03185233075690592-0.1522941674968457j),0j,0j,0j,0j,0j,0j,0j,0j,(0.18524212777019078-0.13752760205667106j),(0.12541238769713745-0.12289914664094737j),0j,(0.0720643454791156+0.021072766280751873j),0j,0j,0j,(0.055478820874110886+0.030644927628819037j),0j,0j,0j,0j,0j,0j,0j,(-0.21275732914019507-0.04749460972794826j),0j,0j,0j,0j,0j,0j,0j,0j,0j,0j,0j,0j,0j,0j,0j
25.0,0j,0j,0j,0j,0j,0j,0j,(0.029106022299753523-0.1306225406167781j),0j,0j,0j,(-0.2176339942153725+0.19971458094776814j),0j,(-0.1359591058224407+0.27147775381667283j),(0.013497855848572257-0.204382130546071j),0j,0j,0j,0j,(0.0627340738890876+0.14719949637726065j),0j,(0.06827070192835843-0.017931147869735712j),(-0.054532269190377264+0.1512455195246628j),0j,0j,(-0.06468981014343038-0.03195848624915827j),(-0.112538659606534-0.09794138905949777j),0j,(0.04872107449407639+0.07234677424812097j),0j,0j,0j,0j,0j,0j,(0.051131786897595496-0.05581932435200956j),0j,(-0.05368905897818982+0.01594695063208063j),(0.0627457238179622-0.18222934849964045j),0j,0j,(0.14562322723716964-0.01884964805614208j),(-0.08313860830861618+0.11796018665566875j),0j,(-0.1222695422630759-0.10412478642483283j),0j,0j,0j,0j,(0.07005356623287694+0.13052584279357352j),(0.0880972032505734+0.11186410862479887j),0j,(0.13696435502799545+0.07956352833658469j),0j,0j,0j,(-0.2068451932671196+0.028592241725645104j),0j,0j,0j,0j,0j,0j,0j,0j,0j,0j,(-0.15017658234845427+0.06587413527821176j),0j,(0.26097703487339-0.00764783589287138j),(-0.042759161088167255-0.02656320193738578j),0j,0j,(0.3054815131660782+0.003333834917207401j),(0.04822906756754131-0.11500417736307383j),0j,(0.07854178213739856+0.21578775754169813j),0j,0j,0j,0j,(0.06980437708619244+0.012150894094450443j),(-0.06470617384260478+0.15102596441535834j),0j,(0.06856186253896893+0.19773977359690564j),0j,0j,0j,(0.0024821684346103138+0.019351827451152055j),0j,0j,0j,0j,0j,0j,0j,0j,(-0.15949612485262987-0.06510393098305811j),(0.009233254371276048+0.2550273924225537j),0j,(0.03355773959084665+0.03231202022542047j),0j,0j,0j,(0.06118128772608885+0.03559768768860651j),0j,0j,0j,0j,0j,0j,0j,(0.08103373421207173+0.011651600709458497j),0j,0j,0j,0j,0j,0j,0j,0j,0j,0j,0j,0j,0j,0j,0j
27.5,0j,0j,0j,0j,0j,0j,0j,(-0.029693159752032492-0.05645153454839405j),0j,0j,0j,(-0.051108587830318394-0.20284159728516218j),0j,(0.14893262215147468-0.13156701517735062j),(-0.15461044603966756+0.03694486028347684j),0j,0j,0j,0j,(-0.09737704617688277+0.06396803869922253j),0j,(-0.055807956717571966-0.007411660359844769j),(0.184004103882566-0.1478946765294173j),0j,0j,(-0.02669171840043176-0.15416049488786704j),(-0.00043137593468664526-0.1480772425656766j),0j,(-0.03594762061328602-0.027319262539526563j),0j,0j,0j,0j,0j,0j,(0.052693603740020085-0.0633067172925576j),0j,(-0.04638286305498499+0.01356698994807663j),(0.24457425435085328+0.15240444412862741j),0j,0j,(0.08867698133210701+0.08012431463859934j),(0.34341971920866904-0.19894492025096874j),0j,(-0.10186774303691029+0.13437095401848737j),0j,0j,0j,0j,(0.20015605904686584-0.08830890531567956j),(0.14533406012865763+0.050626304003358026j),0j,(-0.07124951707568726-0.02510587093228268j),0j,0j,0j,(0.04449450953171872-0.10101173633927603j),0j,0j,0j,0j,0j,0j,0j,0j,0j,0j,(-0.03229185976797506-0.11472642652616041j),0j,(0.13847707743598606-0.017153297478557372j),(-0.019403135279406493-0.010113226814127452j),0j,0j,(0.09057394826933321-0.25538572329008247j),(-0.04364908677656416-0.020461221009107806j),0j,(-0.025110694503445698+0.15172920571893644j),0j,0j,0j,0j,(-0.10079444361203362+0.11289489322545991j),(-0.1162754138286156+0.22161870474278655j),0j,(0.011169455989521862+0.13709851827525463j),0j,0j,0j,(0.04893647860133715+0.09363537717782469j),0j,0j,0j,0j,0j,0j,0j,0j,(0.09267313462790297-0.05611300634601274j),(0.1189893095713316-0.11735214666770473j),0j,(0.09637282538864493+0.12371904262317254j),0j,0j,0j,(0.20697927804450716-0.11794514375359369j),0j,0j,0j,0j,0j,0j,0j,(0.04038455989141294-0.11333025872233937j),0j,0j,0j,0j,0j,0j,0j,0j,0j,0j,0j,0j,0j,0j,0j
30.0,0j,0j,0j,0j,0j,0j,0j,(-0.06159202253570557+0.12544095492434884j),0j,0j,0j,(0.06253362633771103-0.02225086320052543j),0j,(-0.007496797637857624+0.13032563205258085j),(0.03598022929859341+0.09048004261853361j),0j,0j,0j,0j,(0.017816330932297706-0.0627487188198468j),0j,(-0.011771880654507922+0.06997139025301029j),(-0.03841321379742626+0.024979301729619957j),0j,0j,(0.21681278974651888-0.30646413356173396j),(0.10678865270430507-0.11901414567335374j),0j,(-0.11893941008670449+0.297910312332317j),0j,0j,0j,0j,0j,0j,(-0.08411366235673498+0.026380711692574842j),0j,(0.07773992820446558-0.08582982752089342j),(-0.12274188669914028+0.034336919983786816j),0j,0j,(-0.18160770974648108+0.011628361124369314j),(-0.09954992517219756-0.03972955960620803j),0j,(0.06145036192316915-0.048046633152804996j),0j,0j,0j,0j,(-0.07664642707595729+0.06790633157966226j),(0.060636657046660054+0.23390264376149064j),0j,(0.2029081343670233+0.0821207243645588j),0j,0j,0j,(-0.09552777978459724-0.1465859129472307j),0j,0j,0j,0j,0j,0j,0j,0j,0j,0j,(-0.06429479327481881+0.05211953351455906j),0j,(-0.05474167218877505+0.26205707335421863j),(0.0786829040719487+0.09194240886977009j),0j,0j,(0.0010370905343138673-0.10643316713988762j),(0.10354171142449976-0.0052128577502582865j),0j,(0.10011833631285334+0.014978758244295771j),0j,0j,0j,0j,(-0.12490975480156548+0.1665636230250353j),(0.12291468259355454-0.012789958193031904j),0j,(0.06370941698564535+0.20744925636241268j),0j,0j,0j,(-0.07615003925126715+0.05209267255812434j),0j,0j,0j,0j,0j,0j,0j,0j,(0.01878553236836431-0.18558966819938408j),(0.12866012047483147+0.1932432891793245j),0j,(0.15025244831439932+0.19818489913682913j),0j,0j,0j,(-0.055161163614227446+0.008930399855994654j),0j,0j,0j,0j,0j,0j,0j,(-0.1759568487920446+0.09433892869266704j),0j,0j,0j,0j,0j,0j,0j,0j,0j,0j,0j,0j,0j,0j,0j
32.5,0j,0j,0j,0j,0j,0j,0j,(0.06806722978777298+0.02097761413022253j),0j,0j,0j,(-0.15929730695381072+0.06412429123316515j),0j,(-0.1636100775845338+0.10399669018175486j),(0.17096550313669776+0.10839228788627234j),0j,0j,0j,0j,(-0.12529698485701793-0.09352441897493073j),0j,(-0.21817053901004047+0.010002995243299784j),(-0.08690562141917377-0.053840279965331236j),0j,0j,(0.026469540753938647+0.07943692124785784j),(-0.06489670443855601+0.2554516481406283j),0j,(0.05839601394051129-0.10992327866301164j),0j,0j,0j,0j,0j,0j,(-0.06541473860803351-0.08648139263559276j),0j,(0.06356686850907375+0.08530861021024849j),(-0.3123436562228201+0.14073789104787346j),0j,0j,(0.05062571384236755+0.21841650223867926j),(-0.20238918706352785-0.30514587366558077j),0j,(0.11495451247128746+0.06917820342574346j),0j,0j,0j,0j,(0.04868501335236065+0.13304959314978326j),(-0.003440279091658706+0.11491726563813612j),0j,(0.17824043846914725+0.08708088153227359j),0j,0j,0j,(-0.10744162038825122+0.13602382208168026j),0j,0j,0j,0j,0j,0j,0j,0j,0j,0j,(-0.023190176898567314-0.03732358426699128j),0j,(0.13191816826074707+0.05805570344784439j),(0.023972889528897118+0.0505020452718101j),0j,0j,(-0.1058358433801387-0.04039407157480663j),(-0.1479440152810775+0.07292326931570797j),0j,(-0.02361277724400243-0.09956768345111913j),0j,0j,0j,0j,(0.003741489362404978+0.05443353723312731j),(0.007632659421096732-0.004184371460020781j),0j,(-0.03824140441025088-0.11808229015389785j),0j,0j,0j,(-0.07391567724627837+0.002050459286213932j),0j,0j,0j,0j,0j,0j,0j,0j,(-0.08225641904628057+0.04787311580117347j),(-0.0633475157323869+0.11031674131874127j),0j,(-0.019589290414591336+0.16644813533765807j),0j,0j,0j,(-0.006351845619014175-0.06749165934635709j),0j,0j,0j,0j,0j,0j,0j,(0.17643139041025171-0.2784193492562794j),0j,0j,0j,0j,0j,0j,0j,0j,0j,0j,0j,0j,0j,0j,0j
35.0,0j,0j,0j,0j,0j,0j,0j,(-0.1375110395631813-0.059901318069342686j),0j,0j,0j,(0.06167559850149721+0.10399101454745835j),0j,(0.012386840777980315+0.13435617003193495j),(-0.22174491804862828-0.04722145069681913j),0j,0j,0j,0j,(-0.022705758917598923-0.018440149825860366j),0j,(-0.002866938561322541+0.007331861143984136j),(-0.09601200612833838+0.07955879906668412j),0j,0j,(0.09935835260998899+0.06150266472682489j),(0.27519034960740807+0.1830622645809129j),0j,(-0.11806582791157103+0.0965314153076419j),0j,0j,0j,0j,0j,0j,(0.04673598008482882-0.11531227200969346j),0j,(-0.24365936083288037+0.02211812426605654j),(0.04822101250023256-0.060387020457898594j),0j,0j,(0.2169870138315479-0.0676458230235096j),(-0.15764280631702565-0.13925342686397807j),0j,(-0.045043381483200695+0.05867536471958728j),0j,0j,0j,0j,(0.023183491614588374+0.15641497008766203j),(0.01502210625882938-0.03458484803889107j),0j,(-0.06974072701766891+0.07614722208806335j),0j,0j,0j,(-0.06070093629520005-0.003032643520048308j),0j,0j,0j,0j,0j,0j,0j,0j,0j,0j,(0.04604214497945383+0.2459509420638713j),0j,(0.06474537457263455-0.10138725237758575j),(-0.13525164225837755+0.14955428718888134j),0j,0j,(-0.0883207215365989-0.27138655819010943j),(0.06977738114474505+0.15024175616710667j),0j,(0.10177666899446239+0.13720621318142154j),0j,0j,0j,0j,(-0.1429904552620726-0.05858070101723036j),(-0.017848043473905797+0.06900595717857679j),0j,(-0.11220126540098856-0.11712134037507599j),0j,0j,0j,(-0.018756345600366604+0.07557471144816218j),0j,0j,0j,0j,0j,0j,0j,0j,(-0.04120909961560815-0.019278463951521697j),(-0.027924348616932423+0.1659816248687114j),0j,(-0.03694013858136351+0.025942152115248588j),0j,0j,0j,(-0.06426354261789856+0.19224068470451738j),0j,0j,0j,0j,0j,0j,0j,(0.2551611775525247+0.22674754697533606j),0j,0j,0j,0j,0j,0j,0j,0j,0j,0j,0j,0j,0j,0j,0j
37.5,0j,0j,0j,0j,0j,0j,0j,(0.03973447322595752-0.06291607786883928j),0j,0j,0j,(0.19335196678750372+0.04890216052428392j),0j,(-0.01914996350639746+0.0221960296860155j),(0.05097192248108917+0.012532865698903693j),0j,0j,0j,0j,(0.09459968611140122+0.06875220570838857j),0j,(0.13887180197168825+0.05372979315562551j),(-0.0783873040542841-0.04734594563085604j),0j,0j,(-0.09343847869185945-0.18474858917141918j),(0.0256312803557956+0.10673803211724678j),0j,(0.07847037924406512-0.04484426905233373j),0j,0j,0j,0j,0j,0j,(0.06297818435928351+0.04383337609160497j),0j,(-0.09334979863166143-0.4069598144961424j),(0.00018095985409488646-0.14001168523644564j),0j,0j,(-0.12454529917581837-0.12708848250496194j),(-0.012736331676382905+0.0143387712630534j),0j,(-0.11078898022607078-0.15742294182723693j),0j,0j,0j,0j,(-0.25488438827933557-0.27630899950082216j),(-0.1000151146673538-0.10421650646149279j),0j,(-0.10455428001515876+0.03611116269474927j),0j,0j,0j,(0.04255144706759321+0.05161756881548155j),0j,0j,0j,0j,0j,0j,0j,0j,0j,0j,(0.1236084483665391-0.11184567020219807j),0j,(-0.034269303491859734+0.19663774425662744j),(-0.19948576997097728-0.0780029131910018j),0j,0j,(-0.2157626132364161+0.01293590925987087j),(0.14622076742774018+0.04751491616522058j),0j,(-0.04589397798534446+0.028592701691360765j),0j,0j,0j,0j,(0.12305057082359613-0.06460676892697165j),(0.01050118401252606-0.14191282796151883j),0j,(-0.05997511553934309+0.12465015683537073j),0j,0j,0j,(0.05963421153477719-0.013517886059048294j),0j,0j,0j,0j,0j,0j,0j,0j,(-0.05443531008235451+0.08382979544104141j),(-0.08210921288592944+0.12517945010873935j),0j,(-0.04808748704175448-0.10705797126036706j),0j,0j,0j,(-0.05828343859713492-0.225545958889596j),0j,0j,0j,0j,0j,0j,0j,(0.21265424756426948-0.03262301891549506j),0j,0j,0j,0j,0j,0j,0j,0j,0j,0j,0j,0j,0j,0j,0j
40.0,0j,0j,0j,0j,0j,0j,0j,(-0.12164351877704833-0.02274293398296865j),0j,0j,0j,(-0.020848717629006155-0.11948897731558211j),0j,(0.01993285417681219-0.1651032568217372j),(-0.1726333310349842+0.006371034928722907j),0j,0j,0j,0j,(-0.019493741184383365-0.12697131670474854j),0j,(0.13878900739474678+0.04979573336647563j),(0.20851451304103952-0.10035101397064455j),0j,0j,(-0.08560218015103883+0.024090469458027855j),(0.0783230252103924+0.1435300325418747j),0j,(0.00741523302792579-0.13591366271855435j),0j,0j,0j,0j,0j,0j,(-0.08420764367844524-0.1442861094465428j),0j,(-0.006026891766209595+0.26912388917209984j),(0.16377661148052422+0.15509688872986999j),0j,0j,(0.07837696616881401+0.1438266871119636j),(-0.03494620572048434+0.014482866768460329j),0j,(0.05040783451054587+0.04249445012869383j),0j,0j,0j,0j,(-0.0725768598629633-0.07728322577320532j),(0.0964929398736371+0.0553570664834173j),0j,(-0.14438643104813775-0.031384180676636675j),0j,0j,0j,(0.11630666017503079-0.06792404561108711j),0j,0j,0j,0j,0j,0j,0j,0j,0j,0j,(0.13098747583398979-0.13511540843771022j),0j,(-0.0743560461494079+0.04689200532365579j),(0.05534751726529479-0.05991027254112678j),0j,0j,(-0.24650462766623074+0.1330143925903253j),(0.3186603091817892+0.139995058167461j),0j,(0.006984219803207326-0.14887442009932272j),0j,0j,0j,0j,(0.09823886191409727-0.07537557091088312j),(0.16699177047196584-0.08503179962364721j),0j,(-0.13926796995499438-0.18686084828736754j),0j,0j,0j,(0.18195997216500026+0.059323264914552504j),0j,0j,0j,0j,0j,0j,0j,0j,(0.13486691887368646-0.017310586480069313j),(-0.08340897334399648-0.1914421982418173j),0j,(0.06742547322896805+0.11234818564390568j),0j,0j,0j,(0.11191626000382017+0.002380443139379552j),0j,0j,0j,0j,0j,0j,0j,(0.11620085102242353+0.04206089830097983j),0j,0j,0j,0j,0j,0j,0j,0j,0j,0j,0j,0j,0j,0j,0j
42.5,0j,0j,0j,0j,0j,0j,0j,(0.1653494373399449+0.05984943537878881j),0j,0j,0j,(-0.012151506474581006-0.013605861748632035j),0j,(0.07130860684547896-0.03171437832751623j),(0.12509416829116965+0.028444503168363104j),0j,0j,0j,0j,(-0.034091930338283796-0.06273676343030138j),0j,(0.08936778674180246-0.14255382034289915j),(-0.0089182514556653-0.20500524663056335j),0j,0j,(-0.1619370875697958+0.15990099937476404j),(-0.21400558204804868-0.021577354565417553j),0j,(0.0668899024506322+0.06297325019435002j),0j,0j,0j,0j,0j,0j,(0.0736593007119572-0.06656156805076938j),0j,(-0.04954037786945775+0.24820356861288828j),(0.1658661278614239-0.3056188976536761j),0j,0j,(0.04960892950407807-0.15233040561119887j),(-0.14968123606827097-0.06331458552629582j),0j,(0.21634842461116321-0.037722253129147634j),0j,0j,0j,0j,(0.013298222406798677+0.0927357872999735j),(0.07656825468278189-0.09889943653166751j),0j,(0.12876218820817492+0.18766413052533026j),0j,0j,0j,(0.08317886097710185-0.11631963802106293j),0j,0j,0j,0j,0j,0j,0j,0j,0j,0j,(0.08611559333668946+0.0964776245011946j),0j,(-0.08830200900149442-0.07287349656651401j),(-0.04046626316920891-0.2607271884948438j),0j,0j,(-0.14610453252714323-0.06791499243185448j),(-0.06381957684512694-0.03817002742890757j),0j,(0.12032088343477759-0.03626916819331559j),0j,0j,0j,0j,(0.08398137523711709-0.0006948858520025927j),(0.23888324860758747+0.20935122545484802j),0j,(0.14835780177323726-0.012095070522806978j),0j,0j,0j,(-0.07088761714635353-0.026802597978845724j),0j,0j,0j,0j,0j,0j,0j,0j,(0.1854666550619518-0.0446402625613104j),(-0.004583652976385506-0.013040247507115308j),0j,(0.03587902313743403-0.1682039828279796j),0j,0j,0j,(0.07075132667885825-0.01714132838609531j),0j,0j,0j,0j,0j,0j,0j,(-0.04991860954180956+0.12591160762502757j),0j,0j,0j,0j,0j,0j,0j,0j,0j,0j,0j,0j,0j,0j,0j
45.0,0j,0j,0j,0j,0j,0j,0j,(-0.003065407465177361-0.09831861868701239j),0j,0j,0j,(0.0224024311502907-0.06278608335556672j),0j,(0.009706313844129903-0.03562191254309115j),(-0.011495620819425971-0.05148685017013749j),0j,0j,0j,0j,(0.03543857464645142-0.22657590080385737j),0j,(-0.05007613304531956-0.15320315906523657j),(0.15451302220139176-0.0953034723433763j),0j,0j,(0.12970034728059887+0.1645560551560148j),(0.0971488099642334+0.14841444252442346j),0j,(-0.145251232901763-0.08213608084929475j),0j,0j,0j,0j,0j,0j,(-0.13538159298084637+0.009081602309829781j),0j,(0.1732779926982636+0.06464575921699359j),(-0.1105130290783996-0.07096441172080908j),0j,0j,(0.059601920221109356-0.28813595065745207j),(0.2145058652273636-0.2695143813225274j),0j,(-0.21477437539769678+0.000933824916190984j),0j,0j,0j,0j,(-0.1483482527199262-0.12818181597157507j),(0.0035806733109433712+0.07682375615455905j),0j,(-0.18566785375695877+0.07893137921645071j),0j,0j,0j,(0.21099919422367153+0.018343268834317944j),0j,0j,0j,0j,0j,0j,0j,0j,0j,0j,(-0.041229177366052944-0.08653644560631471j),0j,(-0.03157680633523718+0.030570131444910744j),(0.10392170210539155-0.06516603186019214j),0j,0j,(0.1833006617077493-0.03645764242830071j),(-0.015982085568110746+0.12311469640139529j),0j,(0.045782046707742746-0.012001380721194117j),0j,0j,0j,0j,(0.044721795541304205-0.09738400747664154j),(0.15996749996905638+0.049223168238520514j),0j,(0.0006205399139101175-0.12978314227674276j),0j,0j,0j,(0.04515007145489333+0.16587028979804044j),0j,0j,0j,0j,0j,0j,0j,0j,(0.17202587931576618+0.22091513876916494j),(-0.12653773622557904-0.002610524813151785j),0j,(-0.05712898122147607-0.01431275670676282j),0j,0j,0j,(-0.02006810481846462-0.18176557039282248j),0j,0j,0j,0j,0j,0j,0j,(-0.11043854710066614+0.08777285755299737j),0j,0j,0j,0j,0j,0j,0j,0j,0j,0j,0j,0j,0j,0j,0j
47.5,0j,0j,0j,0j,0j,0j,0j,(0.04707649138536663+0.08694601938477975j),0j,0j,0j,(0.054574441991897024-0.16200171204423408j),0j,(0.07146572343914238-7.095867464243164e-05j),(0.10108203193794948+0.008291060710999706j),0j,0j,0j,0j,(0.0008963977838849363-0.07700235845374326j),0j,(0.042894898687656585-0.08688281137019822j),(-0.15753325284298658-0.17719026789860537j),0j,0j,(-0.10703537951438609-0.061303716310469j),(0.027950921442476476+0.06943608671275811j),0j,(0.0017342217881736038-0.28302143456415035j),0j,0j,0j,0j,0j,0j,(0.09751795038371124+0.05505038541910245j),0j,(-0.003779956059242265+0.08262127846150438j),(0.02752666398869588-0.04196645495932627j),0j,0j,(-0.060393457627288046+0.14683287349516377j),(0.13382054461118537-0.23310348595048655j),0j,(0.11570863655370918+0.04885593046996145j),0j,0j,0j,0j,(-0.06253315477474766+0.01271269040561656j),(-0.04199918265478891+0.16138316982663495j),0j,(0.02811730444803115+0.22315218437580886j),0j,0j,0j,(-0.16085210793480154-0.12398727277370453j),0j,0j,0j,0j,0j,0j,0j,0j,0j,0j,(-0.05983487596600953-0.14786461293946737j),0j,(0.20346776166169087-0.02020910118673376j),(-0.06627877899520708-0.18512544990483432j),0j,0j,(-0.1924318287223541-0.14646810472922558j),(-0.008092115477912491+0.017639241525809934j),0j,(0.05976505680657676-0.020950547358963123j),0j,0j,0j,0j,(-0.07278249222411422-0.005856829407195653j),(0.07544124600588119-0.006798983397082296j),0j,(0.24696375920869393-0.12756137183206293j),0j,0j,0j,(-0.20509988658006142+0.10435604800405172j),0j,0j,0j,0j,0j,0j,0j,0j,(-0.1685141088865644+0.03722744294067227j),(-0.13356681945356125-0.004001942725247447j),0j,(0.00999050372423704-0.037003904217603495j),0j,0j,0j,(-0.053897777502124364-0.22135750267092724j),0j,0j,0j,0j,0j,0j,0j,(0.19104578528083807-0.25831583780511075j),0j,0j,0j,0j,0j,0j,0j,0j,0j,0j,0j,0j,0j,0j,0j
50.0,0j,0j,0j,0j,0j,0j,0j,(0.16370502082721602+0.03827761558330636j),0j,0j,0j,(0.03918517632123274+0.09324530373361023j),0j,(-0.10777119540111112-0.08647094196879755j),(0.16128676595598618+0.10936361735204889j),0j,0j,0j,0j,(0.07263789230461053+0.02421206952885924j),0j,(0.09325832965982857-0.11045756224034303j),(-0.1024450663010938-0.165301295388542j),0j,0j,(-0.13828564428326964+0.0217606984291496j),(0.059886854031244205+0.2921432299711524j),0j,(-0.03128916307919182+0.03638009778805484j),0j,0j,0j,0j,0j,0j,(0.024312379473126172+0.11453236955412163j),0j,(0.06564498011122033-0.1530829268312535j),(0.062409730466195405-0.02757120773480145j),0j,0j,(0.2952483217245547+0.10999084770170744j),(0.3158302696665288+0.012368020216157849j),0j,(0.0756135031731888-0.052746885202591555j),0j,0j,0j,0j,(-0.06564901580453673+0.028217335086994998j),(0.16636747346228842-0.0710220055772633j),0j,(-0.03850478711839818-0.22302536729261008j),0j,0j,0j,(0.17150999469044542-0.05843796325476764j),0j,0j,0j,0j,0j,0j,0j,0j,0j,0j,(-0.040469603527648834+0.05016405534059307j),0j,(0.07669332756196418+0.10011808930129508j),(-0.11531909019905748-0.003238898819971067j),0j,0j,(-0.015481698563595575+0.006952215333405014j),(-0.16508352951826516-0.14193185515418844j),0j,(-0.07258447878502441+0.037963562379383156j),0j,0j,0j,0j,(0.14941906046862014+0.016541365536178784j),(-0.18210913524769207-0.16109884647765607j),0j,(0.09508778234540022-0.027905777205866317j),0j,0j,0j,(-0.02076609652768651+0.028330510408444812j),0j,0j,0j,0j,0j,0j,0j,0j,(0.12480959483078063-0.1327628198807479j),(0.015861189211581028-0.1746021237839252j),0j,(0.24152058885526295-0.1160084834754819j),0j,0j,0j,(-0.15001787196578276-0.073958803943314j),0j,0j,0j,0j,0j,0j,0j,(-0.036234094914891574+0.08839019518434177j),0j,0j,0j,0j,0j,0j,0j,0j,0j,0j,0j,0j,0j,0j,0j
